

INSERT INTO Student (id,firstName,middleName,lastName,email) VALUES (1,'Blake','Emerald','Hamish Meadows','In@lobortisnisinibh.edu');
INSERT INTO Student (id,firstName,middleName,lastName,email) VALUES (2,'Myles','Giselle','Eliana Gonzales','montes@ullamcorpervelit.edu');
INSERT INTO Student (id,firstName,middleName,lastName,email) VALUES (3,'Keith','Hillary','Kaden Hendricks','enim.gravida@Quisquefringillaeuismod.edu');
INSERT INTO Student (id,firstName,middleName,lastName,email) VALUES (4,'Carson','Nicole','Sacha Lynn','velit@tincidunt.org');
INSERT INTO Student (id,firstName,middleName,lastName,email) VALUES (5,'Colorado','Kyla','Rhiannon Gutierrez','accumsan.interdum@Nullamvitaediam.org');
INSERT INTO Student (id,firstName,middleName,lastName,email) VALUES (6,'Oleg','Brenna','Seth Robbins','Etiam.laoreet@In.edu');
INSERT INTO Student (id,firstName,middleName,lastName,email) VALUES (7,'Barclay','Kylee','Tanner Owens','erat@faucibusleoin.ca');
INSERT INTO Student (id,firstName,middleName,lastName,email) VALUES (8,'Steven','Shay','Felicia Strickland','fermentum.arcu.Vestibulum@a.edu');
INSERT INTO Student (id,firstName,middleName,lastName,email) VALUES (9,'Lee','Piper','Paul Marks','urna@imperdietnon.com');
INSERT INTO Student (id,firstName,middleName,lastName,email) VALUES (10,'Jack','Madeson','Demetria Sparks','in.consequat.enim@imperdieterat.edu');
INSERT INTO Student (id,firstName,middleName,lastName,email) VALUES (11,'Christopher','Nell','Abigail Mills','et@seddolor.net');
INSERT INTO Student (id,firstName,middleName,lastName,email) VALUES (12,'Kelly','Allegra','Linus Paul','diam@utcursusluctus.co.uk');
INSERT INTO Student (id,firstName,middleName,lastName,email) VALUES (13,'Galvin','Yen','Blair Pruitt','eu@rutrumurna.org');
INSERT INTO Student (id,firstName,middleName,lastName,email) VALUES (14,'Ciaran','Astra','Amethyst Meadows','vel.convallis@vitae.ca');
INSERT INTO Student (id,firstName,middleName,lastName,email) VALUES (15,'Kadeem','Emi','Myles Holcomb','nibh.enim@elitNulla.net');
INSERT INTO Student (id,firstName,middleName,lastName,email) VALUES (16,'Benjamin','Zena','Shafira Marquez','rutrum.urna@a.ca');
INSERT INTO Student (id,firstName,middleName,lastName,email) VALUES (17,'Gil','Kelsie','Stone Figueroa','at.augue@sagittisplaceratCras.net');
INSERT INTO Student (id,firstName,middleName,lastName,email) VALUES (18,'Dominic','Candice','Ryder Leonard','non.justo.Proin@Vestibulum.com');
INSERT INTO Student (id,firstName,middleName,lastName,email) VALUES (19,'Melvin','Yoko','Oren Huber','condimentum@justo.edu');
INSERT INTO Student (id,firstName,middleName,lastName,email) VALUES (20,'Dante','Mona','Aline Porter','nec.cursus.a@vulputate.edu');
INSERT INTO Student (id,firstName,middleName,lastName,email) VALUES (21,'Colt','Leila','Ira Hubbard','risus.Donec@semconsequat.org');
INSERT INTO Student (id,firstName,middleName,lastName,email) VALUES (22,'Kennedy','Phyllis','Dorothy Mcgowan','tortor.at.risus@Crasdictumultricies.edu');
INSERT INTO Student (id,firstName,middleName,lastName,email) VALUES (23,'Walter','Quincy','Yardley Ayala','mi.lorem@Namporttitorscelerisque.com');
INSERT INTO Student (id,firstName,middleName,lastName,email) VALUES (24,'Wade','Riley','Nero Benson','non.lobortis@auctor.org');
INSERT INTO Student (id,firstName,middleName,lastName,email) VALUES (25,'Quamar','Ayanna','Callum Williamson','felis@sem.edu');
INSERT INTO Student (id,firstName,middleName,lastName,email) VALUES (26,'Octavius','Joan','Roary Sharpe','Aliquam@nibh.org');
INSERT INTO Student (id,firstName,middleName,lastName,email) VALUES (27,'Amal','Raven','Mannix Flynn','amet.ultricies@Aliquamauctorvelit.edu');
INSERT INTO Student (id,firstName,middleName,lastName,email) VALUES (28,'Nolan','Elizabeth','Steven Cain','non.hendrerit@Utsemper.co.uk');
INSERT INTO Student (id,firstName,middleName,lastName,email) VALUES (29,'Moses','Lillith','Quinn Tran','dui@Craseutellus.co.uk');
INSERT INTO Student (id,firstName,middleName,lastName,email) VALUES (30,'Kasimir','Kessie','Ruby Benton','tellus@arcuSedet.edu');
INSERT INTO Student (id,firstName,middleName,lastName,email) VALUES (31,'Barclay','Kai','Ashton Charles','lacus.Etiam.bibendum@id.co.uk');
INSERT INTO Student (id,firstName,middleName,lastName,email) VALUES (32,'Austin','Kerry','Macon Turner','vitae.sodales.nisi@fringillapurus.net');
INSERT INTO Student (id,firstName,middleName,lastName,email) VALUES (33,'Jason','Jessica','Francesca Glass','rutrum@placeratCras.co.uk');
INSERT INTO Student (id,firstName,middleName,lastName,email) VALUES (34,'Odysseus','Geraldine','Wang Townsend','sit.amet.consectetuer@Nullam.org');
INSERT INTO Student (id,firstName,middleName,lastName,email) VALUES (35,'Ferris','Sacha','Casey Doyle','orci.quis@Suspendissetristiqueneque.net');
INSERT INTO Student (id,firstName,middleName,lastName,email) VALUES (36,'Devin','Josephine','Breanna Bernard','sit@Crasdolordolor.org');
INSERT INTO Student (id,firstName,middleName,lastName,email) VALUES (37,'Hyatt','Kim','Kimberley Rivas','metus@sit.net');
INSERT INTO Student (id,firstName,middleName,lastName,email) VALUES (38,'Hector','Candice','Curran Lindsey','ut.ipsum@augueac.ca');
INSERT INTO Student (id,firstName,middleName,lastName,email) VALUES (39,'Sylvester','Beatrice','Bernard David','eget.ipsum@pharetra.ca');
INSERT INTO Student (id,firstName,middleName,lastName,email) VALUES (40,'Jamal','Orla','Debra Moran','non.enim.Mauris@viverraMaecenasiaculis.org');
INSERT INTO Student (id,firstName,middleName,lastName,email) VALUES (41,'Lee','Molly','Riley Sanchez','Suspendisse.tristique.neque@tincidunttempus.com');
INSERT INTO Student (id,firstName,middleName,lastName,email) VALUES (42,'Jin','Charissa','Zephania Wiggins','erat.Vivamus.nisi@euismod.com');
INSERT INTO Student (id,firstName,middleName,lastName,email) VALUES (43,'Lance','Kathleen','Lane Obrien','ultrices.posuere.cubilia@nonante.co.uk');
INSERT INTO Student (id,firstName,middleName,lastName,email) VALUES (44,'Amery','Zelenia','Lawrence Burns','augue.ac@lobortis.ca');
INSERT INTO Student (id,firstName,middleName,lastName,email) VALUES (45,'Thaddeus','Guinevere','Ulysses Wolf','Duis.mi.enim@egestaslacinia.co.uk');
INSERT INTO Student (id,firstName,middleName,lastName,email) VALUES (46,'Jin','Keely','Walker Blanchard','Nunc.mauris@elitpede.edu');
INSERT INTO Student (id,firstName,middleName,lastName,email) VALUES (47,'Fuller','Judith','Craig Whitfield','et.tristique.pellentesque@liberonecligula.com');
INSERT INTO Student (id,firstName,middleName,lastName,email) VALUES (48,'Jerome','Sophia','Marny Colon','ornare.libero.at@Mauris.com');
INSERT INTO Student (id,firstName,middleName,lastName,email) VALUES (49,'Jasper','Autumn','Walker Meyer','nonummy@cursuspurusNullam.co.uk');
INSERT INTO Student (id,firstName,middleName,lastName,email) VALUES (50,'Byron','Lani','Kendall Talley','pede.blandit@ultrices.co.uk');
INSERT INTO Student (id,firstName,middleName,lastName,email) VALUES (51,'Dean','Iliana','Lila Carney','sodales@mieleifendegestas.co.uk');
INSERT INTO Student (id,firstName,middleName,lastName,email) VALUES (52,'Acton','Jescie','Miranda Mullins','mollis.dui@nislsem.co.uk');
INSERT INTO Student (id,firstName,middleName,lastName,email) VALUES (53,'Victor','Linda','Baxter Wolf','diam@sem.net');
INSERT INTO Student (id,firstName,middleName,lastName,email) VALUES (54,'Roth','Ignacia','Azalia Acosta','Vivamus.non@Nulla.com');
INSERT INTO Student (id,firstName,middleName,lastName,email) VALUES (55,'Guy','Sarah','Beatrice Little','commodo.at@augueSed.com');
INSERT INTO Student (id,firstName,middleName,lastName,email) VALUES (56,'Hedley','Francesca','Drake Gallegos','lectus@eleifendnec.net');
INSERT INTO Student (id,firstName,middleName,lastName,email) VALUES (57,'Ulric','Susan','Xaviera Sanford','diam.Sed.diam@lobortis.edu');
INSERT INTO Student (id,firstName,middleName,lastName,email) VALUES (58,'Jesse','Nora','Daniel Emerson','ornare@tempusnonlacinia.net');
INSERT INTO Student (id,firstName,middleName,lastName,email) VALUES (59,'Dexter','Larissa','Jane Holloway','Aliquam@sagittisfelisDonec.org');
INSERT INTO Student (id,firstName,middleName,lastName,email) VALUES (60,'Clark','Bianca','Lisandra Prince','pellentesque.Sed@velpedeblandit.edu');
INSERT INTO Student (id,firstName,middleName,lastName,email) VALUES (61,'Mannix','Tara','Philip Colon','nostra.per@aliquet.edu');
INSERT INTO Student (id,firstName,middleName,lastName,email) VALUES (62,'Uriel','Haviva','Adria Russo','porttitor.scelerisque.neque@nunc.com');
INSERT INTO Student (id,firstName,middleName,lastName,email) VALUES (63,'Mohammad','Adrienne','Philip Obrien','semper@justo.org');
INSERT INTO Student (id,firstName,middleName,lastName,email) VALUES (64,'Edward','Zelda','Madeline Patel','metus.vitae@nuncnullavulputate.org');
INSERT INTO Student (id,firstName,middleName,lastName,email) VALUES (65,'Rafael','Amela','Jenette Calhoun','justo@sollicitudinadipiscingligula.ca');
INSERT INTO Student (id,firstName,middleName,lastName,email) VALUES (66,'Wade','Jenette','Madeson Hodges','Nunc@dapibusligulaAliquam.co.uk');
INSERT INTO Student (id,firstName,middleName,lastName,email) VALUES (67,'Hiram','Chanda','Isaiah Rush','eget@egetvarius.net');
INSERT INTO Student (id,firstName,middleName,lastName,email) VALUES (68,'Matthew','Shelly','Grant Ruiz','ac.libero.nec@nislNullaeu.co.uk');
INSERT INTO Student (id,firstName,middleName,lastName,email) VALUES (69,'Kane','Xandra','Benedict Bray','eros@In.co.uk');
INSERT INTO Student (id,firstName,middleName,lastName,email) VALUES (70,'Wing','Jenna','Jade Harrison','interdum@blandit.org');
INSERT INTO Student (id,firstName,middleName,lastName,email) VALUES (71,'Griffith','Erin','Robin Walton','nisi@Aliquamultricesiaculis.net');
INSERT INTO Student (id,firstName,middleName,lastName,email) VALUES (72,'Kieran','Ann','Jane Baldwin','a.facilisis@habitantmorbi.org');
INSERT INTO Student (id,firstName,middleName,lastName,email) VALUES (73,'Wallace','Karina','Karen Blair','ac@arcu.net');
INSERT INTO Student (id,firstName,middleName,lastName,email) VALUES (74,'Hedley','Cleo','James Castaneda','vulputate.nisi@afacilisisnon.co.uk');
INSERT INTO Student (id,firstName,middleName,lastName,email) VALUES (75,'Kaseem','Rosalyn','Charde Clark','condimentum.Donec@felis.edu');
INSERT INTO Student (id,firstName,middleName,lastName,email) VALUES (76,'Norman','Stephanie','Molly Osborne','iaculis.aliquet.diam@tellusSuspendisse.ca');
INSERT INTO Student (id,firstName,middleName,lastName,email) VALUES (77,'Samuel','Leigh','Tashya Rutledge','dis.parturient.montes@Morbiaccumsanlaoreet.ca');
INSERT INTO Student (id,firstName,middleName,lastName,email) VALUES (78,'Basil','Delilah','Halla Mcleod','nisi@Quisque.edu');
INSERT INTO Student (id,firstName,middleName,lastName,email) VALUES (79,'Boris','Hayfa','Ima Mccarty','bibendum.ullamcorper@faucibusleoin.net');
INSERT INTO Student (id,firstName,middleName,lastName,email) VALUES (80,'Julian','Cameran','Rhonda Shelton','nonummy@eunequepellentesque.edu');
INSERT INTO Student (id,firstName,middleName,lastName,email) VALUES (81,'Fitzgerald','Indira','Naomi Avila','tellus.non@orcisem.ca');
INSERT INTO Student (id,firstName,middleName,lastName,email) VALUES (82,'Octavius','Chastity','Lionel Leach','vel.convallis.in@Aenean.co.uk');
INSERT INTO Student (id,firstName,middleName,lastName,email) VALUES (83,'Addison','Alma','Marah Montoya','dolor.sit@enimcondimentumeget.com');
INSERT INTO Student (id,firstName,middleName,lastName,email) VALUES (84,'Cairo','Francesca','Erasmus Mcguire','Aliquam.erat@sedturpis.edu');
INSERT INTO Student (id,firstName,middleName,lastName,email) VALUES (85,'Quinlan','Karen','Eden Lindsey','arcu@vulputate.com');
INSERT INTO Student (id,firstName,middleName,lastName,email) VALUES (86,'Jeremy','Jaquelyn','Macy Nunez','non@vitaeodio.org');
INSERT INTO Student (id,firstName,middleName,lastName,email) VALUES (87,'Demetrius','Hermione','Judith Sutton','ultricies@acsem.co.uk');
INSERT INTO Student (id,firstName,middleName,lastName,email) VALUES (88,'Laith','Lois','Judith Mckinney','libero@perinceptoshymenaeos.org');
INSERT INTO Student (id,firstName,middleName,lastName,email) VALUES (89,'Michael','Lacy','Anjolie Lawrence','facilisis.magna.tellus@fringillapurusmauris.com');
INSERT INTO Student (id,firstName,middleName,lastName,email) VALUES (90,'Clark','Yoshi','Malcolm Fuller','Phasellus.ornare.Fusce@orciadipiscingnon.edu');
INSERT INTO Student (id,firstName,middleName,lastName,email) VALUES (91,'Keith','Hedy','Felix Abbott','faucibus.Morbi@Fuscemi.ca');
INSERT INTO Student (id,firstName,middleName,lastName,email) VALUES (92,'Clarke','Jaquelyn','Mona Burks','lorem@dapibus.net');
INSERT INTO Student (id,firstName,middleName,lastName,email) VALUES (93,'Craig','Carissa','Hannah Herman','enim.commodo.hendrerit@Suspendisseeleifend.org');
INSERT INTO Student (id,firstName,middleName,lastName,email) VALUES (94,'Lucian','Lillith','Julie Bass','arcu@sodales.ca');
INSERT INTO Student (id,firstName,middleName,lastName,email) VALUES (95,'Odysseus','Lareina','Herrod Padilla','ultrices@mollis.org');
INSERT INTO Student (id,firstName,middleName,lastName,email) VALUES (96,'Ignatius','Brianna','Michelle Nicholson','et@netuset.ca');
INSERT INTO Student (id,firstName,middleName,lastName,email) VALUES (97,'Berk','April','Hedy Hamilton','arcu.Curabitur.ut@Maurisblandit.edu');
INSERT INTO Student (id,firstName,middleName,lastName,email) VALUES (98,'Blake','Beatrice','Mariam Harrington','cursus@Cras.edu');
INSERT INTO Student (id,firstName,middleName,lastName,email) VALUES (99,'Jelani','Yael','Justina Owens','eleifend@euismodmauris.ca');
INSERT INTO Student (id,firstName,middleName,lastName,email) VALUES (100,'Tiger','Leandra','Sawyer Nichols','Nunc.mauris.sapien@tinciduntadipiscing.org');


INSERT INTO StudentFriend (student_id,student_friend_id) VALUES (1,100);
INSERT INTO StudentFriend (student_id,student_friend_id) VALUES (2,99);
INSERT INTO StudentFriend (student_id,student_friend_id) VALUES (3,98);
INSERT INTO StudentFriend (student_id,student_friend_id) VALUES (4,97);
INSERT INTO StudentFriend (student_id,student_friend_id) VALUES (5,96);
INSERT INTO StudentFriend (student_id,student_friend_id) VALUES (6,95);
INSERT INTO StudentFriend (student_id,student_friend_id) VALUES (7,94);
INSERT INTO StudentFriend (student_id,student_friend_id) VALUES (8,93);
INSERT INTO StudentFriend (student_id,student_friend_id) VALUES (9,92);
INSERT INTO StudentFriend (student_id,student_friend_id) VALUES (10,91);
INSERT INTO StudentFriend (student_id,student_friend_id) VALUES (11,90);
INSERT INTO StudentFriend (student_id,student_friend_id) VALUES (12,89);
INSERT INTO StudentFriend (student_id,student_friend_id) VALUES (13,88);
INSERT INTO StudentFriend (student_id,student_friend_id) VALUES (14,87);
INSERT INTO StudentFriend (student_id,student_friend_id) VALUES (15,86);
INSERT INTO StudentFriend (student_id,student_friend_id) VALUES (16,85);
INSERT INTO StudentFriend (student_id,student_friend_id) VALUES (17,84);
INSERT INTO StudentFriend (student_id,student_friend_id) VALUES (18,83);
INSERT INTO StudentFriend (student_id,student_friend_id) VALUES (19,82);
INSERT INTO StudentFriend (student_id,student_friend_id) VALUES (20,81);
INSERT INTO StudentFriend (student_id,student_friend_id) VALUES (21,80);
INSERT INTO StudentFriend (student_id,student_friend_id) VALUES (22,79);
INSERT INTO StudentFriend (student_id,student_friend_id) VALUES (23,78);
INSERT INTO StudentFriend (student_id,student_friend_id) VALUES (24,77);
INSERT INTO StudentFriend (student_id,student_friend_id) VALUES (25,76);
INSERT INTO StudentFriend (student_id,student_friend_id) VALUES (26,75);
INSERT INTO StudentFriend (student_id,student_friend_id) VALUES (27,74);
INSERT INTO StudentFriend (student_id,student_friend_id) VALUES (28,73);
INSERT INTO StudentFriend (student_id,student_friend_id) VALUES (29,72);
INSERT INTO StudentFriend (student_id,student_friend_id) VALUES (30,71);
INSERT INTO StudentFriend (student_id,student_friend_id) VALUES (31,70);
INSERT INTO StudentFriend (student_id,student_friend_id) VALUES (32,69);
INSERT INTO StudentFriend (student_id,student_friend_id) VALUES (33,68);
INSERT INTO StudentFriend (student_id,student_friend_id) VALUES (34,67);
INSERT INTO StudentFriend (student_id,student_friend_id) VALUES (35,66);
INSERT INTO StudentFriend (student_id,student_friend_id) VALUES (36,65);
INSERT INTO StudentFriend (student_id,student_friend_id) VALUES (37,64);
INSERT INTO StudentFriend (student_id,student_friend_id) VALUES (38,63);
INSERT INTO StudentFriend (student_id,student_friend_id) VALUES (39,62);
INSERT INTO StudentFriend (student_id,student_friend_id) VALUES (40,61);
INSERT INTO StudentFriend (student_id,student_friend_id) VALUES (41,60);
INSERT INTO StudentFriend (student_id,student_friend_id) VALUES (42,59);
INSERT INTO StudentFriend (student_id,student_friend_id) VALUES (43,58);
INSERT INTO StudentFriend (student_id,student_friend_id) VALUES (44,57);
INSERT INTO StudentFriend (student_id,student_friend_id) VALUES (45,56);
INSERT INTO StudentFriend (student_id,student_friend_id) VALUES (46,55);
INSERT INTO StudentFriend (student_id,student_friend_id) VALUES (47,54);
INSERT INTO StudentFriend (student_id,student_friend_id) VALUES (48,53);
INSERT INTO StudentFriend (student_id,student_friend_id) VALUES (49,52);
INSERT INTO StudentFriend (student_id,student_friend_id) VALUES (50,51);
INSERT INTO StudentFriend (student_id,student_friend_id) VALUES (51,50);
INSERT INTO StudentFriend (student_id,student_friend_id) VALUES (52,49);
INSERT INTO StudentFriend (student_id,student_friend_id) VALUES (53,48);
INSERT INTO StudentFriend (student_id,student_friend_id) VALUES (54,47);
INSERT INTO StudentFriend (student_id,student_friend_id) VALUES (55,46);
INSERT INTO StudentFriend (student_id,student_friend_id) VALUES (56,45);
INSERT INTO StudentFriend (student_id,student_friend_id) VALUES (57,44);
INSERT INTO StudentFriend (student_id,student_friend_id) VALUES (58,43);
INSERT INTO StudentFriend (student_id,student_friend_id) VALUES (59,42);
INSERT INTO StudentFriend (student_id,student_friend_id) VALUES (60,41);
INSERT INTO StudentFriend (student_id,student_friend_id) VALUES (61,40);
INSERT INTO StudentFriend (student_id,student_friend_id) VALUES (62,39);
INSERT INTO StudentFriend (student_id,student_friend_id) VALUES (63,38);
INSERT INTO StudentFriend (student_id,student_friend_id) VALUES (64,37);
INSERT INTO StudentFriend (student_id,student_friend_id) VALUES (65,36);
INSERT INTO StudentFriend (student_id,student_friend_id) VALUES (66,35);
INSERT INTO StudentFriend (student_id,student_friend_id) VALUES (67,34);
INSERT INTO StudentFriend (student_id,student_friend_id) VALUES (68,33);
INSERT INTO StudentFriend (student_id,student_friend_id) VALUES (69,32);
INSERT INTO StudentFriend (student_id,student_friend_id) VALUES (70,31);
INSERT INTO StudentFriend (student_id,student_friend_id) VALUES (71,30);
INSERT INTO StudentFriend (student_id,student_friend_id) VALUES (72,29);
INSERT INTO StudentFriend (student_id,student_friend_id) VALUES (73,28);
INSERT INTO StudentFriend (student_id,student_friend_id) VALUES (74,27);
INSERT INTO StudentFriend (student_id,student_friend_id) VALUES (75,26);
INSERT INTO StudentFriend (student_id,student_friend_id) VALUES (76,25);
INSERT INTO StudentFriend (student_id,student_friend_id) VALUES (77,24);
INSERT INTO StudentFriend (student_id,student_friend_id) VALUES (78,23);
INSERT INTO StudentFriend (student_id,student_friend_id) VALUES (79,22);
INSERT INTO StudentFriend (student_id,student_friend_id) VALUES (80,21);
INSERT INTO StudentFriend (student_id,student_friend_id) VALUES (81,20);
INSERT INTO StudentFriend (student_id,student_friend_id) VALUES (82,19);
INSERT INTO StudentFriend (student_id,student_friend_id) VALUES (83,18);
INSERT INTO StudentFriend (student_id,student_friend_id) VALUES (84,17);
INSERT INTO StudentFriend (student_id,student_friend_id) VALUES (85,16);
INSERT INTO StudentFriend (student_id,student_friend_id) VALUES (86,15);
INSERT INTO StudentFriend (student_id,student_friend_id) VALUES (87,14);
INSERT INTO StudentFriend (student_id,student_friend_id) VALUES (88,13);
INSERT INTO StudentFriend (student_id,student_friend_id) VALUES (89,12);
INSERT INTO StudentFriend (student_id,student_friend_id) VALUES (90,11);
INSERT INTO StudentFriend (student_id,student_friend_id) VALUES (91,10);
INSERT INTO StudentFriend (student_id,student_friend_id) VALUES (92,9);
INSERT INTO StudentFriend (student_id,student_friend_id) VALUES (93,8);
INSERT INTO StudentFriend (student_id,student_friend_id) VALUES (94,7);
INSERT INTO StudentFriend (student_id,student_friend_id) VALUES (95,6);
INSERT INTO StudentFriend (student_id,student_friend_id) VALUES (96,5);
INSERT INTO StudentFriend (student_id,student_friend_id) VALUES (97,4);
INSERT INTO StudentFriend (student_id,student_friend_id) VALUES (98,3);
INSERT INTO StudentFriend (student_id,student_friend_id) VALUES (99,2);
INSERT INTO StudentFriend (student_id,student_friend_id) VALUES (100,1);
INSERT INTO StudentFriend (student_id,student_friend_id) VALUES (1,100);
INSERT INTO StudentFriend (student_id,student_friend_id) VALUES (2,99);
INSERT INTO StudentFriend (student_id,student_friend_id) VALUES (3,98);
INSERT INTO StudentFriend (student_id,student_friend_id) VALUES (4,97);
INSERT INTO StudentFriend (student_id,student_friend_id) VALUES (5,96);
INSERT INTO StudentFriend (student_id,student_friend_id) VALUES (6,95);
INSERT INTO StudentFriend (student_id,student_friend_id) VALUES (7,94);
INSERT INTO StudentFriend (student_id,student_friend_id) VALUES (8,93);
INSERT INTO StudentFriend (student_id,student_friend_id) VALUES (9,92);
INSERT INTO StudentFriend (student_id,student_friend_id) VALUES (10,91);
INSERT INTO StudentFriend (student_id,student_friend_id) VALUES (11,90);
INSERT INTO StudentFriend (student_id,student_friend_id) VALUES (12,89);
INSERT INTO StudentFriend (student_id,student_friend_id) VALUES (13,88);
INSERT INTO StudentFriend (student_id,student_friend_id) VALUES (14,87);
INSERT INTO StudentFriend (student_id,student_friend_id) VALUES (15,86);
INSERT INTO StudentFriend (student_id,student_friend_id) VALUES (16,85);
INSERT INTO StudentFriend (student_id,student_friend_id) VALUES (17,84);
INSERT INTO StudentFriend (student_id,student_friend_id) VALUES (18,83);
INSERT INTO StudentFriend (student_id,student_friend_id) VALUES (19,82);
INSERT INTO StudentFriend (student_id,student_friend_id) VALUES (20,81);
INSERT INTO StudentFriend (student_id,student_friend_id) VALUES (21,80);
INSERT INTO StudentFriend (student_id,student_friend_id) VALUES (22,79);
INSERT INTO StudentFriend (student_id,student_friend_id) VALUES (23,78);
INSERT INTO StudentFriend (student_id,student_friend_id) VALUES (24,77);
INSERT INTO StudentFriend (student_id,student_friend_id) VALUES (25,76);
INSERT INTO StudentFriend (student_id,student_friend_id) VALUES (26,75);
INSERT INTO StudentFriend (student_id,student_friend_id) VALUES (27,74);
INSERT INTO StudentFriend (student_id,student_friend_id) VALUES (28,73);
INSERT INTO StudentFriend (student_id,student_friend_id) VALUES (29,72);
INSERT INTO StudentFriend (student_id,student_friend_id) VALUES (30,71);
INSERT INTO StudentFriend (student_id,student_friend_id) VALUES (31,70);
INSERT INTO StudentFriend (student_id,student_friend_id) VALUES (32,69);
INSERT INTO StudentFriend (student_id,student_friend_id) VALUES (33,68);
INSERT INTO StudentFriend (student_id,student_friend_id) VALUES (34,67);
INSERT INTO StudentFriend (student_id,student_friend_id) VALUES (35,66);
INSERT INTO StudentFriend (student_id,student_friend_id) VALUES (36,65);
INSERT INTO StudentFriend (student_id,student_friend_id) VALUES (37,64);
INSERT INTO StudentFriend (student_id,student_friend_id) VALUES (38,63);
INSERT INTO StudentFriend (student_id,student_friend_id) VALUES (39,62);
INSERT INTO StudentFriend (student_id,student_friend_id) VALUES (40,61);
INSERT INTO StudentFriend (student_id,student_friend_id) VALUES (41,60);
INSERT INTO StudentFriend (student_id,student_friend_id) VALUES (42,59);
INSERT INTO StudentFriend (student_id,student_friend_id) VALUES (43,58);
INSERT INTO StudentFriend (student_id,student_friend_id) VALUES (44,57);
INSERT INTO StudentFriend (student_id,student_friend_id) VALUES (45,56);
INSERT INTO StudentFriend (student_id,student_friend_id) VALUES (46,55);
INSERT INTO StudentFriend (student_id,student_friend_id) VALUES (47,54);
INSERT INTO StudentFriend (student_id,student_friend_id) VALUES (48,53);
INSERT INTO StudentFriend (student_id,student_friend_id) VALUES (49,52);
INSERT INTO StudentFriend (student_id,student_friend_id) VALUES (50,51);
INSERT INTO StudentFriend (student_id,student_friend_id) VALUES (51,50);
INSERT INTO StudentFriend (student_id,student_friend_id) VALUES (52,49);
INSERT INTO StudentFriend (student_id,student_friend_id) VALUES (53,48);
INSERT INTO StudentFriend (student_id,student_friend_id) VALUES (54,47);
INSERT INTO StudentFriend (student_id,student_friend_id) VALUES (55,46);
INSERT INTO StudentFriend (student_id,student_friend_id) VALUES (56,45);
INSERT INTO StudentFriend (student_id,student_friend_id) VALUES (57,44);
INSERT INTO StudentFriend (student_id,student_friend_id) VALUES (58,43);
INSERT INTO StudentFriend (student_id,student_friend_id) VALUES (59,42);
INSERT INTO StudentFriend (student_id,student_friend_id) VALUES (60,41);
INSERT INTO StudentFriend (student_id,student_friend_id) VALUES (61,40);
INSERT INTO StudentFriend (student_id,student_friend_id) VALUES (62,39);
INSERT INTO StudentFriend (student_id,student_friend_id) VALUES (63,38);
INSERT INTO StudentFriend (student_id,student_friend_id) VALUES (64,37);
INSERT INTO StudentFriend (student_id,student_friend_id) VALUES (65,36);
INSERT INTO StudentFriend (student_id,student_friend_id) VALUES (66,35);
INSERT INTO StudentFriend (student_id,student_friend_id) VALUES (67,34);
INSERT INTO StudentFriend (student_id,student_friend_id) VALUES (68,33);
INSERT INTO StudentFriend (student_id,student_friend_id) VALUES (69,32);
INSERT INTO StudentFriend (student_id,student_friend_id) VALUES (70,31);
INSERT INTO StudentFriend (student_id,student_friend_id) VALUES (71,30);
INSERT INTO StudentFriend (student_id,student_friend_id) VALUES (72,29);
INSERT INTO StudentFriend (student_id,student_friend_id) VALUES (73,28);
INSERT INTO StudentFriend (student_id,student_friend_id) VALUES (74,27);
INSERT INTO StudentFriend (student_id,student_friend_id) VALUES (75,26);
INSERT INTO StudentFriend (student_id,student_friend_id) VALUES (76,25);
INSERT INTO StudentFriend (student_id,student_friend_id) VALUES (77,24);
INSERT INTO StudentFriend (student_id,student_friend_id) VALUES (78,23);
INSERT INTO StudentFriend (student_id,student_friend_id) VALUES (79,22);
INSERT INTO StudentFriend (student_id,student_friend_id) VALUES (80,21);
INSERT INTO StudentFriend (student_id,student_friend_id) VALUES (81,20);
INSERT INTO StudentFriend (student_id,student_friend_id) VALUES (82,19);
INSERT INTO StudentFriend (student_id,student_friend_id) VALUES (83,18);
INSERT INTO StudentFriend (student_id,student_friend_id) VALUES (84,17);
INSERT INTO StudentFriend (student_id,student_friend_id) VALUES (85,16);
INSERT INTO StudentFriend (student_id,student_friend_id) VALUES (86,15);
INSERT INTO StudentFriend (student_id,student_friend_id) VALUES (87,14);
INSERT INTO StudentFriend (student_id,student_friend_id) VALUES (88,13);
INSERT INTO StudentFriend (student_id,student_friend_id) VALUES (89,12);
INSERT INTO StudentFriend (student_id,student_friend_id) VALUES (90,11);
INSERT INTO StudentFriend (student_id,student_friend_id) VALUES (91,10);
INSERT INTO StudentFriend (student_id,student_friend_id) VALUES (92,9);
INSERT INTO StudentFriend (student_id,student_friend_id) VALUES (93,8);
INSERT INTO StudentFriend (student_id,student_friend_id) VALUES (94,7);
INSERT INTO StudentFriend (student_id,student_friend_id) VALUES (95,6);
INSERT INTO StudentFriend (student_id,student_friend_id) VALUES (96,5);
INSERT INTO StudentFriend (student_id,student_friend_id) VALUES (97,4);
INSERT INTO StudentFriend (student_id,student_friend_id) VALUES (98,3);
INSERT INTO StudentFriend (student_id,student_friend_id) VALUES (99,2);
INSERT INTO StudentFriend (student_id,student_friend_id) VALUES (100,1);


INSERT INTO Schedule (id,student_id,title,semester,semester_year,link,permission) VALUES (1,100,'Morgan','Caleb',2005,'Sed Et LLP','Brandon');
INSERT INTO Schedule (id,student_id,title,semester,semester_year,link,permission) VALUES (2,99,'Keith','Reuben',2010,'Lectus PC','Bruce');
INSERT INTO Schedule (id,student_id,title,semester,semester_year,link,permission) VALUES (3,98,'Hamish','Connor',2001,'Ridiculus Ltd','Elvis');
INSERT INTO Schedule (id,student_id,title,semester,semester_year,link,permission) VALUES (4,97,'Jade','Derek',2016,'Egestas Urna Limited','Vernon');
INSERT INTO Schedule (id,student_id,title,semester,semester_year,link,permission) VALUES (5,96,'Blaine','Wang',2011,'Velit Aliquam Foundation','Shad');
INSERT INTO Schedule (id,student_id,title,semester,semester_year,link,permission) VALUES (6,95,'Caleb','Brett',2012,'Etiam Vestibulum Inc.','Duncan');
INSERT INTO Schedule (id,student_id,title,semester,semester_year,link,permission) VALUES (7,94,'Germaine','Kadeem',2014,'Fusce Fermentum Inc.','Basil');
INSERT INTO Schedule (id,student_id,title,semester,semester_year,link,permission) VALUES (8,93,'Kevyn','Kasimir',2007,'Adipiscing Non Luctus LLC','Steel');
INSERT INTO Schedule (id,student_id,title,semester,semester_year,link,permission) VALUES (9,92,'Jamalia','Guy',2007,'Aliquam Corporation','Otto');
INSERT INTO Schedule (id,student_id,title,semester,semester_year,link,permission) VALUES (10,91,'Stone','Jack',2016,'Convallis Ligula Corporation','Rooney');
INSERT INTO Schedule (id,student_id,title,semester,semester_year,link,permission) VALUES (11,90,'Bethany','Quinn',2008,'Tempor Associates','Brady');
INSERT INTO Schedule (id,student_id,title,semester,semester_year,link,permission) VALUES (12,89,'Chaney','Micah',2011,'Sed Libero Proin Company','Nissim');
INSERT INTO Schedule (id,student_id,title,semester,semester_year,link,permission) VALUES (13,88,'Francis','Leo',2016,'Interdum Libero Dui Foundation','Nigel');
INSERT INTO Schedule (id,student_id,title,semester,semester_year,link,permission) VALUES (14,87,'Bo','Lawrence',2012,'Fringilla Ornare Associates','Elliott');
INSERT INTO Schedule (id,student_id,title,semester,semester_year,link,permission) VALUES (15,86,'Cade','Seth',2007,'Enim Gravida Industries','Felix');
INSERT INTO Schedule (id,student_id,title,semester,semester_year,link,permission) VALUES (16,85,'Alexa','Arthur',2012,'Diam Vel Arcu Limited','Donovan');
INSERT INTO Schedule (id,student_id,title,semester,semester_year,link,permission) VALUES (17,84,'Tanya','Fuller',2001,'Ac Inc.','Timon');
INSERT INTO Schedule (id,student_id,title,semester,semester_year,link,permission) VALUES (18,83,'Caryn','Sawyer',2015,'Nulla In Ltd','Emerson');
INSERT INTO Schedule (id,student_id,title,semester,semester_year,link,permission) VALUES (19,82,'Barbara','August',2009,'Ornare Industries','Rigel');
INSERT INTO Schedule (id,student_id,title,semester,semester_year,link,permission) VALUES (20,81,'Althea','Valentine',2017,'Sit Industries','Dalton');
INSERT INTO Schedule (id,student_id,title,semester,semester_year,link,permission) VALUES (21,80,'Lareina','Alfonso',2011,'Tincidunt Consulting','Graham');
INSERT INTO Schedule (id,student_id,title,semester,semester_year,link,permission) VALUES (22,79,'Yael','Brent',2016,'Eget Laoreet Posuere Corp.','Melvin');
INSERT INTO Schedule (id,student_id,title,semester,semester_year,link,permission) VALUES (23,78,'Gwendolyn','Nathan',2014,'Eget Ipsum Donec Company','Roth');
INSERT INTO Schedule (id,student_id,title,semester,semester_year,link,permission) VALUES (24,77,'Ima','Avram',2012,'Nec Ligula Consectetuer Corporation','Lewis');
INSERT INTO Schedule (id,student_id,title,semester,semester_year,link,permission) VALUES (25,76,'Dahlia','Ezra',2005,'Donec Institute','Chaim');
INSERT INTO Schedule (id,student_id,title,semester,semester_year,link,permission) VALUES (26,75,'Christian','John',2002,'At Egestas Limited','Emerson');
INSERT INTO Schedule (id,student_id,title,semester,semester_year,link,permission) VALUES (27,74,'Tobias','Daquan',2017,'Enim Corp.','Arsenio');
INSERT INTO Schedule (id,student_id,title,semester,semester_year,link,permission) VALUES (28,73,'Chester','Marvin',2017,'Auctor Velit Aliquam Incorporated','Keaton');
INSERT INTO Schedule (id,student_id,title,semester,semester_year,link,permission) VALUES (29,72,'Matthew','Derek',2010,'Quisque Fringilla Euismod Institute','Boris');
INSERT INTO Schedule (id,student_id,title,semester,semester_year,link,permission) VALUES (30,71,'Teegan','Burke',2002,'Ligula Tortor PC','Upton');
INSERT INTO Schedule (id,student_id,title,semester,semester_year,link,permission) VALUES (31,70,'Mariko','Avram',2014,'Arcu Corporation','Kyle');
INSERT INTO Schedule (id,student_id,title,semester,semester_year,link,permission) VALUES (32,69,'Kellie','Lars',2002,'Tellus LLP','Nolan');
INSERT INTO Schedule (id,student_id,title,semester,semester_year,link,permission) VALUES (33,68,'Roary','Elvis',2006,'Ac Fermentum Corporation','Cadman');
INSERT INTO Schedule (id,student_id,title,semester,semester_year,link,permission) VALUES (34,67,'Prescott','Nissim',2010,'Amet Company','Bradley');
INSERT INTO Schedule (id,student_id,title,semester,semester_year,link,permission) VALUES (35,66,'Pascale','Dante',2001,'Sodales Purus Ltd','Jelani');
INSERT INTO Schedule (id,student_id,title,semester,semester_year,link,permission) VALUES (36,65,'Urielle','Honorato',2007,'Orci Tincidunt Adipiscing LLP','Dieter');
INSERT INTO Schedule (id,student_id,title,semester,semester_year,link,permission) VALUES (37,64,'Ian','Ryder',2013,'Tristique Pellentesque Tellus LLC','Walter');
INSERT INTO Schedule (id,student_id,title,semester,semester_year,link,permission) VALUES (38,63,'Jeanette','Samuel',2003,'Vitae Mauris Foundation','Devin');
INSERT INTO Schedule (id,student_id,title,semester,semester_year,link,permission) VALUES (39,62,'Darrel','Xenos',2001,'Mauris Suspendisse Aliquet LLP','Kadeem');
INSERT INTO Schedule (id,student_id,title,semester,semester_year,link,permission) VALUES (40,61,'Gail','Grant',2005,'A Sollicitudin Orci Consulting','Julian');
INSERT INTO Schedule (id,student_id,title,semester,semester_year,link,permission) VALUES (41,60,'Abdul','Amos',2000,'Dictum Augue Institute','Dominic');
INSERT INTO Schedule (id,student_id,title,semester,semester_year,link,permission) VALUES (42,59,'Adena','Jesse',2004,'Sed Nunc Associates','Raja');
INSERT INTO Schedule (id,student_id,title,semester,semester_year,link,permission) VALUES (43,58,'Stone','Deacon',2017,'At Sem Limited','Keaton');
INSERT INTO Schedule (id,student_id,title,semester,semester_year,link,permission) VALUES (44,57,'Shaine','Uriah',2015,'Feugiat Corp.','Beck');
INSERT INTO Schedule (id,student_id,title,semester,semester_year,link,permission) VALUES (45,56,'Asher','Zachary',2004,'Dictum Phasellus Foundation','Palmer');
INSERT INTO Schedule (id,student_id,title,semester,semester_year,link,permission) VALUES (46,55,'Mia','Lucas',2004,'Neque Corporation','Drew');
INSERT INTO Schedule (id,student_id,title,semester,semester_year,link,permission) VALUES (47,54,'Seth','Wang',2003,'Aenean Ltd','Malachi');
INSERT INTO Schedule (id,student_id,title,semester,semester_year,link,permission) VALUES (48,53,'Fiona','Jacob',2001,'Mi Felis LLP','Vernon');
INSERT INTO Schedule (id,student_id,title,semester,semester_year,link,permission) VALUES (49,52,'Rogan','Harrison',2002,'Libero Est Limited','Vance');
INSERT INTO Schedule (id,student_id,title,semester,semester_year,link,permission) VALUES (50,51,'Gavin','Ross',2001,'Diam Proin Corp.','Lucas');
INSERT INTO Schedule (id,student_id,title,semester,semester_year,link,permission) VALUES (51,50,'India','Ali',2017,'Velit Institute','Kamal');
INSERT INTO Schedule (id,student_id,title,semester,semester_year,link,permission) VALUES (52,49,'Duncan','Acton',2017,'Lorem Ipsum Consulting','Griffith');
INSERT INTO Schedule (id,student_id,title,semester,semester_year,link,permission) VALUES (53,48,'Theodore','Jerome',2008,'Venenatis Industries','Emmanuel');
INSERT INTO Schedule (id,student_id,title,semester,semester_year,link,permission) VALUES (54,47,'Dalton','Fletcher',2007,'Penatibus Et Magnis Incorporated','Drew');
INSERT INTO Schedule (id,student_id,title,semester,semester_year,link,permission) VALUES (55,46,'Fatima','Blaze',2015,'Pretium Associates','Adrian');
INSERT INTO Schedule (id,student_id,title,semester,semester_year,link,permission) VALUES (56,45,'Haley','Addison',2015,'Nec Foundation','Dieter');
INSERT INTO Schedule (id,student_id,title,semester,semester_year,link,permission) VALUES (57,44,'Gage','Dexter',2012,'Nulla Facilisi Consulting','Myles');
INSERT INTO Schedule (id,student_id,title,semester,semester_year,link,permission) VALUES (58,43,'Austin','Ryder',2016,'Pellentesque Tincidunt PC','Alden');
INSERT INTO Schedule (id,student_id,title,semester,semester_year,link,permission) VALUES (59,42,'Scarlet','Lance',2009,'Arcu Iaculis Enim LLP','Lyle');
INSERT INTO Schedule (id,student_id,title,semester,semester_year,link,permission) VALUES (60,41,'Jessamine','Dalton',2011,'Donec Felis Orci LLP','Harding');
INSERT INTO Schedule (id,student_id,title,semester,semester_year,link,permission) VALUES (61,40,'Lacey','Leroy',2011,'Et Nunc Quisque Corp.','Linus');
INSERT INTO Schedule (id,student_id,title,semester,semester_year,link,permission) VALUES (62,39,'Kato','Cairo',2007,'Sapien Aenean Massa Company','Owen');
INSERT INTO Schedule (id,student_id,title,semester,semester_year,link,permission) VALUES (63,38,'Ramona','Davis',2012,'Amet Incorporated','Jonah');
INSERT INTO Schedule (id,student_id,title,semester,semester_year,link,permission) VALUES (64,37,'Uma','Amal',2014,'Ut Dolor Associates','Brian');
INSERT INTO Schedule (id,student_id,title,semester,semester_year,link,permission) VALUES (65,36,'Jessica','Adrian',2005,'Fringilla Cursus Purus Ltd','Donovan');
INSERT INTO Schedule (id,student_id,title,semester,semester_year,link,permission) VALUES (66,35,'Phyllis','Denton',2007,'Nunc Sit Amet Industries','Price');
INSERT INTO Schedule (id,student_id,title,semester,semester_year,link,permission) VALUES (67,34,'Danielle','Connor',2000,'Justo Nec Corp.','Reed');
INSERT INTO Schedule (id,student_id,title,semester,semester_year,link,permission) VALUES (68,33,'Amos','Chadwick',2004,'Sit PC','Kermit');
INSERT INTO Schedule (id,student_id,title,semester,semester_year,link,permission) VALUES (69,32,'Kylee','Abdul',2007,'Quam Pellentesque Habitant Limited','Oleg');
INSERT INTO Schedule (id,student_id,title,semester,semester_year,link,permission) VALUES (70,31,'Holmes','Gage',2010,'Aliquam Auctor Velit Company','Logan');
INSERT INTO Schedule (id,student_id,title,semester,semester_year,link,permission) VALUES (71,30,'Hayes','Xander',2006,'Augue Corp.','Gareth');
INSERT INTO Schedule (id,student_id,title,semester,semester_year,link,permission) VALUES (72,29,'Beverly','Jared',2007,'Arcu Ltd','Sylvester');
INSERT INTO Schedule (id,student_id,title,semester,semester_year,link,permission) VALUES (73,28,'Melissa','Rahim',2004,'Nec Luctus PC','Fulton');
INSERT INTO Schedule (id,student_id,title,semester,semester_year,link,permission) VALUES (74,27,'Michelle','Jonah',2005,'Nec Diam Duis Institute','Lars');
INSERT INTO Schedule (id,student_id,title,semester,semester_year,link,permission) VALUES (75,26,'Hayden','Derek',2008,'Ornare Sagittis Foundation','Ali');
INSERT INTO Schedule (id,student_id,title,semester,semester_year,link,permission) VALUES (76,25,'Holly','Dieter',2008,'Mauris Magna Duis Consulting','Valentine');
INSERT INTO Schedule (id,student_id,title,semester,semester_year,link,permission) VALUES (77,24,'Phelan','Perry',2004,'Magna Industries','Bradley');
INSERT INTO Schedule (id,student_id,title,semester,semester_year,link,permission) VALUES (78,23,'Abigail','Oren',2009,'Vel Mauris Integer Industries','Jamal');
INSERT INTO Schedule (id,student_id,title,semester,semester_year,link,permission) VALUES (79,22,'Wyatt','Finn',2007,'At Fringilla Corporation','Drew');
INSERT INTO Schedule (id,student_id,title,semester,semester_year,link,permission) VALUES (80,21,'Lester','Oliver',2017,'Ultricies LLP','Leonard');
INSERT INTO Schedule (id,student_id,title,semester,semester_year,link,permission) VALUES (81,20,'Jin','Dustin',2002,'Nibh LLC','Davis');
INSERT INTO Schedule (id,student_id,title,semester,semester_year,link,permission) VALUES (82,19,'Michelle','Oleg',2016,'Fermentum Arcu Vestibulum Limited','Jasper');
INSERT INTO Schedule (id,student_id,title,semester,semester_year,link,permission) VALUES (83,18,'Rigel','Ulysses',2013,'Libero Ltd','Hall');
INSERT INTO Schedule (id,student_id,title,semester,semester_year,link,permission) VALUES (84,17,'Grace','Moses',2006,'Sem Mollis PC','Marsden');
INSERT INTO Schedule (id,student_id,title,semester,semester_year,link,permission) VALUES (85,16,'Raven','Walter',2003,'Sed Nunc Est Incorporated','Hammett');
INSERT INTO Schedule (id,student_id,title,semester,semester_year,link,permission) VALUES (86,15,'Olympia','Cyrus',2003,'Vestibulum Lorem Sit Associates','Jelani');
INSERT INTO Schedule (id,student_id,title,semester,semester_year,link,permission) VALUES (87,14,'Whilemina','Bernard',2006,'Euismod In Dolor Industries','Emery');
INSERT INTO Schedule (id,student_id,title,semester,semester_year,link,permission) VALUES (88,13,'Hakeem','Lucius',2004,'Ut Corp.','Justin');
INSERT INTO Schedule (id,student_id,title,semester,semester_year,link,permission) VALUES (89,12,'Dawn','Allen',2004,'Tincidunt Corp.','Stephen');
INSERT INTO Schedule (id,student_id,title,semester,semester_year,link,permission) VALUES (90,11,'Inez','Harper',2006,'Lacus Company','Salvador');
INSERT INTO Schedule (id,student_id,title,semester,semester_year,link,permission) VALUES (91,10,'Cassidy','Julian',2007,'Phasellus Dapibus PC','Barry');
INSERT INTO Schedule (id,student_id,title,semester,semester_year,link,permission) VALUES (92,9,'Xaviera','Dane',2010,'Ut Pharetra Limited','Paul');
INSERT INTO Schedule (id,student_id,title,semester,semester_year,link,permission) VALUES (93,8,'Elaine','Daquan',2002,'Tincidunt Adipiscing Mauris Ltd','Thane');
INSERT INTO Schedule (id,student_id,title,semester,semester_year,link,permission) VALUES (94,7,'Ezra','Armand',2010,'Elementum Dui Quis Foundation','Julian');
INSERT INTO Schedule (id,student_id,title,semester,semester_year,link,permission) VALUES (95,6,'Latifah','Colt',2002,'Lorem Luctus Institute','Cameron');
INSERT INTO Schedule (id,student_id,title,semester,semester_year,link,permission) VALUES (96,5,'Lee','Cedric',2000,'Semper Nam Tempor Incorporated','Addison');
INSERT INTO Schedule (id,student_id,title,semester,semester_year,link,permission) VALUES (97,4,'Aubrey','Graham',2003,'Ridiculus Mus Foundation','Amos');
INSERT INTO Schedule (id,student_id,title,semester,semester_year,link,permission) VALUES (98,3,'Joel','Keaton',2005,'Ipsum Suspendisse Corp.','Kenneth');
INSERT INTO Schedule (id,student_id,title,semester,semester_year,link,permission) VALUES (99,2,'Macaulay','Linus',2005,'Eu Tellus Phasellus Institute','Conan');
INSERT INTO Schedule (id,student_id,title,semester,semester_year,link,permission) VALUES (100,1,'Aurelia','Drake',2004,'Tempus Corp.','Hayes');



INSERT INTO SideBarLink (id,title,image,link) VALUES (1,'Branden','Daria Patel','Zane');
INSERT INTO SideBarLink (id,title,image,link) VALUES (2,'Ross','Neve M. Craft','Magee');
INSERT INTO SideBarLink (id,title,image,link) VALUES (3,'Oscar','Doris O. Lynch','Davis');
INSERT INTO SideBarLink (id,title,image,link) VALUES (4,'Raja','Robin K. Cotton','Daquan');
INSERT INTO SideBarLink (id,title,image,link) VALUES (5,'Hyatt','Eagan P. Rose','Andrew');
INSERT INTO SideBarLink (id,title,image,link) VALUES (6,'Baker','Abbot Bullock','Moana');
INSERT INTO SideBarLink (id,title,image,link) VALUES (7,'Colin','Seth J. Donaldson','Ralph');
INSERT INTO SideBarLink (id,title,image,link) VALUES (8,'Davis','Brooke K. Hyde','Taylor');
INSERT INTO SideBarLink (id,title,image,link) VALUES (9,'Kane','Inga Bell','Jasper');
INSERT INTO SideBarLink (id,title,image,link) VALUES (10,'Brian','Anika Oneill','Adara');
INSERT INTO SideBarLink (id,title,image,link) VALUES (11,'Dalton','Ann Golden','Cullen');
INSERT INTO SideBarLink (id,title,image,link) VALUES (12,'Benedict','Quentin R. Abbott','Giselle');
INSERT INTO SideBarLink (id,title,image,link) VALUES (13,'Marvin','Julie B. Brewer','Ina');
INSERT INTO SideBarLink (id,title,image,link) VALUES (14,'Harlan','Elliott Stafford','Reagan');
INSERT INTO SideBarLink (id,title,image,link) VALUES (15,'Rashad','Quon A. Mccarthy','Ebony');
INSERT INTO SideBarLink (id,title,image,link) VALUES (16,'Mohammad','Ciaran Z. Sears','Lysandra');
INSERT INTO SideBarLink (id,title,image,link) VALUES (17,'George','Katell Cole','Lucas');
INSERT INTO SideBarLink (id,title,image,link) VALUES (18,'Kato','Leilani D. Fox','Eliana');
INSERT INTO SideBarLink (id,title,image,link) VALUES (19,'Ezekiel','Castor W. Huff','Graham');
INSERT INTO SideBarLink (id,title,image,link) VALUES (20,'Trevor','Maia R. Stafford','Urielle');
INSERT INTO SideBarLink (id,title,image,link) VALUES (21,'Graiden','Gil Delgado','Martina');
INSERT INTO SideBarLink (id,title,image,link) VALUES (22,'Clarke','Irma Jefferson','Rebecca');
INSERT INTO SideBarLink (id,title,image,link) VALUES (23,'Bradley','Marah West','Ciaran');
INSERT INTO SideBarLink (id,title,image,link) VALUES (24,'Kato','Kyla Munoz','Vance');
INSERT INTO SideBarLink (id,title,image,link) VALUES (25,'Lance','Josephine Maynard','Odette');
INSERT INTO SideBarLink (id,title,image,link) VALUES (26,'Stuart','Paki Z. Bird','Penelope');
INSERT INTO SideBarLink (id,title,image,link) VALUES (27,'Kadeem','Kirk G. Rice','Orlando');
INSERT INTO SideBarLink (id,title,image,link) VALUES (28,'Alden','Zia E. Kerr','Harding');
INSERT INTO SideBarLink (id,title,image,link) VALUES (29,'Wesley','Fritz Rivers','Tatiana');
INSERT INTO SideBarLink (id,title,image,link) VALUES (30,'Jarrod','Malik Christensen','Dorian');
INSERT INTO SideBarLink (id,title,image,link) VALUES (31,'Duncan','Liberty Howard','Larissa');
INSERT INTO SideBarLink (id,title,image,link) VALUES (32,'Kelly','Noelani A. Fowler','Shad');
INSERT INTO SideBarLink (id,title,image,link) VALUES (33,'Charles','Bradley Little','Elton');
INSERT INTO SideBarLink (id,title,image,link) VALUES (34,'Theodore','Curran Garner','Kasper');
INSERT INTO SideBarLink (id,title,image,link) VALUES (35,'Daquan','Tate U. Horne','Omar');
INSERT INTO SideBarLink (id,title,image,link) VALUES (36,'Harrison','Dakota Bernard','Uriel');
INSERT INTO SideBarLink (id,title,image,link) VALUES (37,'August','Ila Lawrence','Jessamine');
INSERT INTO SideBarLink (id,title,image,link) VALUES (38,'Drew','Blaine H. Mcmahon','May');
INSERT INTO SideBarLink (id,title,image,link) VALUES (39,'Keith','Randall Rivers','Vaughan');
INSERT INTO SideBarLink (id,title,image,link) VALUES (40,'Hayes','Micah Livingston','Rosalyn');
INSERT INTO SideBarLink (id,title,image,link) VALUES (41,'Coby','Nichole Craft','Mariko');
INSERT INTO SideBarLink (id,title,image,link) VALUES (42,'Avram','Rachel U. Riddle','Gavin');
INSERT INTO SideBarLink (id,title,image,link) VALUES (43,'Blaze','Matthew Spears','Carlos');
INSERT INTO SideBarLink (id,title,image,link) VALUES (44,'Cameron','Harriet I. Mclaughlin','Aladdin');
INSERT INTO SideBarLink (id,title,image,link) VALUES (45,'Chandler','Aurora K. Whitley','Wyoming');
INSERT INTO SideBarLink (id,title,image,link) VALUES (46,'Emerson','Xantha Waters','Lev');
INSERT INTO SideBarLink (id,title,image,link) VALUES (47,'Byron','Kameko R. Robles','Gil');
INSERT INTO SideBarLink (id,title,image,link) VALUES (48,'Vernon','Maggie Dickerson','Shelby');
INSERT INTO SideBarLink (id,title,image,link) VALUES (49,'Lucian','Shannon D. Cooley','Ferdinand');
INSERT INTO SideBarLink (id,title,image,link) VALUES (50,'Damian','Drake F. Lancaster','Isabelle');
INSERT INTO SideBarLink (id,title,image,link) VALUES (51,'Aidan','Melyssa Welch','Marcia');
INSERT INTO SideBarLink (id,title,image,link) VALUES (52,'Garrison','Cameron Bonner','Scarlet');
INSERT INTO SideBarLink (id,title,image,link) VALUES (53,'Guy','Keely A. Skinner','Brenna');
INSERT INTO SideBarLink (id,title,image,link) VALUES (54,'Clinton','Hayfa Skinner','Gloria');
INSERT INTO SideBarLink (id,title,image,link) VALUES (55,'Josiah','Jin Dudley','Melanie');
INSERT INTO SideBarLink (id,title,image,link) VALUES (56,'Byron','Denise Hensley','Cedric');
INSERT INTO SideBarLink (id,title,image,link) VALUES (57,'Abraham','Haley H. Bridges','Zena');
INSERT INTO SideBarLink (id,title,image,link) VALUES (58,'Justin','Diana P. Dejesus','Zephr');
INSERT INTO SideBarLink (id,title,image,link) VALUES (59,'Vernon','Mollie Q. Maxwell','Freya');
INSERT INTO SideBarLink (id,title,image,link) VALUES (60,'Rashad','Carly U. Evans','Keely');
INSERT INTO SideBarLink (id,title,image,link) VALUES (61,'Victor','Fuller Parker','Salvador');
INSERT INTO SideBarLink (id,title,image,link) VALUES (62,'Timothy','Castor Franco','Jarrod');
INSERT INTO SideBarLink (id,title,image,link) VALUES (63,'Benjamin','Carissa Q. Chase','Risa');
INSERT INTO SideBarLink (id,title,image,link) VALUES (64,'Leo','Haviva Burnett','Raymond');
INSERT INTO SideBarLink (id,title,image,link) VALUES (65,'Martin','Xyla Kelly','Bree');
INSERT INTO SideBarLink (id,title,image,link) VALUES (66,'Mannix','Giacomo O. Wilson','Preston');
INSERT INTO SideBarLink (id,title,image,link) VALUES (67,'Ross','Nora Hutchinson','Tanya');
INSERT INTO SideBarLink (id,title,image,link) VALUES (68,'Harding','Hayes G. Blackburn','Jarrod');
INSERT INTO SideBarLink (id,title,image,link) VALUES (69,'Keaton','Barclay S. Ray','Philip');
INSERT INTO SideBarLink (id,title,image,link) VALUES (70,'Allen','Odessa V. Best','Joelle');
INSERT INTO SideBarLink (id,title,image,link) VALUES (71,'Guy','Oleg Baxter','Bianca');
INSERT INTO SideBarLink (id,title,image,link) VALUES (72,'Cadman','Camden X. Page','Amelia');
INSERT INTO SideBarLink (id,title,image,link) VALUES (73,'Andrew','Madaline Robles','Ava');
INSERT INTO SideBarLink (id,title,image,link) VALUES (74,'Ethan','Kennan X. Mercado','Nathan');
INSERT INTO SideBarLink (id,title,image,link) VALUES (75,'Amal','Tobias T. Lowery','Moses');
INSERT INTO SideBarLink (id,title,image,link) VALUES (76,'Ira','Casey Harrison','Brianna');
INSERT INTO SideBarLink (id,title,image,link) VALUES (77,'Davis','Claudia J. Carr','Angelica');
INSERT INTO SideBarLink (id,title,image,link) VALUES (78,'Cain','Thaddeus Bates','Andrew');
INSERT INTO SideBarLink (id,title,image,link) VALUES (79,'Harlan','Melinda Q. Clemons','Maggie');
INSERT INTO SideBarLink (id,title,image,link) VALUES (80,'Judah','Honorato J. Mcintosh','Noelani');
INSERT INTO SideBarLink (id,title,image,link) VALUES (81,'Marsden','Shaeleigh O. Greene','Heidi');
INSERT INTO SideBarLink (id,title,image,link) VALUES (82,'Beck','Jasmine Massey','Jade');
INSERT INTO SideBarLink (id,title,image,link) VALUES (83,'Holmes','Georgia Sharp','Caleb');
INSERT INTO SideBarLink (id,title,image,link) VALUES (84,'Nasim','Brock F. Alston','Yen');
INSERT INTO SideBarLink (id,title,image,link) VALUES (85,'Carter','Aspen King','Teegan');
INSERT INTO SideBarLink (id,title,image,link) VALUES (86,'Abbot','Myles Avila','Palmer');
INSERT INTO SideBarLink (id,title,image,link) VALUES (87,'Axel','Sloane Frazier','Leigh');
INSERT INTO SideBarLink (id,title,image,link) VALUES (88,'Edward','Tanner Q. Thomas','Charles');
INSERT INTO SideBarLink (id,title,image,link) VALUES (89,'Kenneth','Paki Osborn','Janna');
INSERT INTO SideBarLink (id,title,image,link) VALUES (90,'Oscar','Holly L. May','Susan');
INSERT INTO SideBarLink (id,title,image,link) VALUES (91,'Neville','Jocelyn O. Bright','Otto');
INSERT INTO SideBarLink (id,title,image,link) VALUES (92,'Basil','Mariko M. Robinson','Stephanie');
INSERT INTO SideBarLink (id,title,image,link) VALUES (93,'Louis','Craig R. Lang','Joel');
INSERT INTO SideBarLink (id,title,image,link) VALUES (94,'Ezekiel','Ariel Marsh','Riley');
INSERT INTO SideBarLink (id,title,image,link) VALUES (95,'Armando','Xaviera G. Odom','Belle');
INSERT INTO SideBarLink (id,title,image,link) VALUES (96,'Kamal','Russell L. Byrd','Caryn');
INSERT INTO SideBarLink (id,title,image,link) VALUES (97,'Damon','Jin Castillo','Alexander');
INSERT INTO SideBarLink (id,title,image,link) VALUES (98,'Chaim','Cameron O. Workman','Nerea');
INSERT INTO SideBarLink (id,title,image,link) VALUES (99,'Cooper','Xaviera Warner','Nevada');
INSERT INTO SideBarLink (id,title,image,link) VALUES (100,'Devin','Ferdinand Matthews','Jameson');



INSERT INTO Schedule_SideBarLink (schedule_id,sidebarlink_id) VALUES (1,1);
INSERT INTO Schedule_SideBarLink (schedule_id,sidebarlink_id) VALUES (2,2);
INSERT INTO Schedule_SideBarLink (schedule_id,sidebarlink_id) VALUES (3,3);
INSERT INTO Schedule_SideBarLink (schedule_id,sidebarlink_id) VALUES (4,4);
INSERT INTO Schedule_SideBarLink (schedule_id,sidebarlink_id) VALUES (5,5);
INSERT INTO Schedule_SideBarLink (schedule_id,sidebarlink_id) VALUES (6,6);
INSERT INTO Schedule_SideBarLink (schedule_id,sidebarlink_id) VALUES (7,7);
INSERT INTO Schedule_SideBarLink (schedule_id,sidebarlink_id) VALUES (8,8);
INSERT INTO Schedule_SideBarLink (schedule_id,sidebarlink_id) VALUES (9,9);
INSERT INTO Schedule_SideBarLink (schedule_id,sidebarlink_id) VALUES (10,10);
INSERT INTO Schedule_SideBarLink (schedule_id,sidebarlink_id) VALUES (11,11);
INSERT INTO Schedule_SideBarLink (schedule_id,sidebarlink_id) VALUES (12,12);
INSERT INTO Schedule_SideBarLink (schedule_id,sidebarlink_id) VALUES (13,13);
INSERT INTO Schedule_SideBarLink (schedule_id,sidebarlink_id) VALUES (14,14);
INSERT INTO Schedule_SideBarLink (schedule_id,sidebarlink_id) VALUES (15,15);
INSERT INTO Schedule_SideBarLink (schedule_id,sidebarlink_id) VALUES (16,16);
INSERT INTO Schedule_SideBarLink (schedule_id,sidebarlink_id) VALUES (17,17);
INSERT INTO Schedule_SideBarLink (schedule_id,sidebarlink_id) VALUES (18,18);
INSERT INTO Schedule_SideBarLink (schedule_id,sidebarlink_id) VALUES (19,19);
INSERT INTO Schedule_SideBarLink (schedule_id,sidebarlink_id) VALUES (20,20);
INSERT INTO Schedule_SideBarLink (schedule_id,sidebarlink_id) VALUES (21,21);
INSERT INTO Schedule_SideBarLink (schedule_id,sidebarlink_id) VALUES (22,22);
INSERT INTO Schedule_SideBarLink (schedule_id,sidebarlink_id) VALUES (23,23);
INSERT INTO Schedule_SideBarLink (schedule_id,sidebarlink_id) VALUES (24,24);
INSERT INTO Schedule_SideBarLink (schedule_id,sidebarlink_id) VALUES (25,25);
INSERT INTO Schedule_SideBarLink (schedule_id,sidebarlink_id) VALUES (26,26);
INSERT INTO Schedule_SideBarLink (schedule_id,sidebarlink_id) VALUES (27,27);
INSERT INTO Schedule_SideBarLink (schedule_id,sidebarlink_id) VALUES (28,28);
INSERT INTO Schedule_SideBarLink (schedule_id,sidebarlink_id) VALUES (29,29);
INSERT INTO Schedule_SideBarLink (schedule_id,sidebarlink_id) VALUES (30,30);
INSERT INTO Schedule_SideBarLink (schedule_id,sidebarlink_id) VALUES (31,31);
INSERT INTO Schedule_SideBarLink (schedule_id,sidebarlink_id) VALUES (32,32);
INSERT INTO Schedule_SideBarLink (schedule_id,sidebarlink_id) VALUES (33,33);
INSERT INTO Schedule_SideBarLink (schedule_id,sidebarlink_id) VALUES (34,34);
INSERT INTO Schedule_SideBarLink (schedule_id,sidebarlink_id) VALUES (35,35);
INSERT INTO Schedule_SideBarLink (schedule_id,sidebarlink_id) VALUES (36,36);
INSERT INTO Schedule_SideBarLink (schedule_id,sidebarlink_id) VALUES (37,37);
INSERT INTO Schedule_SideBarLink (schedule_id,sidebarlink_id) VALUES (38,38);
INSERT INTO Schedule_SideBarLink (schedule_id,sidebarlink_id) VALUES (39,39);
INSERT INTO Schedule_SideBarLink (schedule_id,sidebarlink_id) VALUES (40,40);
INSERT INTO Schedule_SideBarLink (schedule_id,sidebarlink_id) VALUES (41,41);
INSERT INTO Schedule_SideBarLink (schedule_id,sidebarlink_id) VALUES (42,42);
INSERT INTO Schedule_SideBarLink (schedule_id,sidebarlink_id) VALUES (43,43);
INSERT INTO Schedule_SideBarLink (schedule_id,sidebarlink_id) VALUES (44,44);
INSERT INTO Schedule_SideBarLink (schedule_id,sidebarlink_id) VALUES (45,45);
INSERT INTO Schedule_SideBarLink (schedule_id,sidebarlink_id) VALUES (46,46);
INSERT INTO Schedule_SideBarLink (schedule_id,sidebarlink_id) VALUES (47,47);
INSERT INTO Schedule_SideBarLink (schedule_id,sidebarlink_id) VALUES (48,48);
INSERT INTO Schedule_SideBarLink (schedule_id,sidebarlink_id) VALUES (49,49);
INSERT INTO Schedule_SideBarLink (schedule_id,sidebarlink_id) VALUES (50,50);
INSERT INTO Schedule_SideBarLink (schedule_id,sidebarlink_id) VALUES (51,51);
INSERT INTO Schedule_SideBarLink (schedule_id,sidebarlink_id) VALUES (52,52);
INSERT INTO Schedule_SideBarLink (schedule_id,sidebarlink_id) VALUES (53,53);
INSERT INTO Schedule_SideBarLink (schedule_id,sidebarlink_id) VALUES (54,54);
INSERT INTO Schedule_SideBarLink (schedule_id,sidebarlink_id) VALUES (55,55);
INSERT INTO Schedule_SideBarLink (schedule_id,sidebarlink_id) VALUES (56,56);
INSERT INTO Schedule_SideBarLink (schedule_id,sidebarlink_id) VALUES (57,57);
INSERT INTO Schedule_SideBarLink (schedule_id,sidebarlink_id) VALUES (58,58);
INSERT INTO Schedule_SideBarLink (schedule_id,sidebarlink_id) VALUES (59,59);
INSERT INTO Schedule_SideBarLink (schedule_id,sidebarlink_id) VALUES (60,60);
INSERT INTO Schedule_SideBarLink (schedule_id,sidebarlink_id) VALUES (61,61);
INSERT INTO Schedule_SideBarLink (schedule_id,sidebarlink_id) VALUES (62,62);
INSERT INTO Schedule_SideBarLink (schedule_id,sidebarlink_id) VALUES (63,63);
INSERT INTO Schedule_SideBarLink (schedule_id,sidebarlink_id) VALUES (64,64);
INSERT INTO Schedule_SideBarLink (schedule_id,sidebarlink_id) VALUES (65,65);
INSERT INTO Schedule_SideBarLink (schedule_id,sidebarlink_id) VALUES (66,66);
INSERT INTO Schedule_SideBarLink (schedule_id,sidebarlink_id) VALUES (67,67);
INSERT INTO Schedule_SideBarLink (schedule_id,sidebarlink_id) VALUES (68,68);
INSERT INTO Schedule_SideBarLink (schedule_id,sidebarlink_id) VALUES (69,69);
INSERT INTO Schedule_SideBarLink (schedule_id,sidebarlink_id) VALUES (70,70);
INSERT INTO Schedule_SideBarLink (schedule_id,sidebarlink_id) VALUES (71,71);
INSERT INTO Schedule_SideBarLink (schedule_id,sidebarlink_id) VALUES (72,72);
INSERT INTO Schedule_SideBarLink (schedule_id,sidebarlink_id) VALUES (73,73);
INSERT INTO Schedule_SideBarLink (schedule_id,sidebarlink_id) VALUES (74,74);
INSERT INTO Schedule_SideBarLink (schedule_id,sidebarlink_id) VALUES (75,75);
INSERT INTO Schedule_SideBarLink (schedule_id,sidebarlink_id) VALUES (76,76);
INSERT INTO Schedule_SideBarLink (schedule_id,sidebarlink_id) VALUES (77,77);
INSERT INTO Schedule_SideBarLink (schedule_id,sidebarlink_id) VALUES (78,78);
INSERT INTO Schedule_SideBarLink (schedule_id,sidebarlink_id) VALUES (79,79);
INSERT INTO Schedule_SideBarLink (schedule_id,sidebarlink_id) VALUES (80,80);
INSERT INTO Schedule_SideBarLink (schedule_id,sidebarlink_id) VALUES (81,81);
INSERT INTO Schedule_SideBarLink (schedule_id,sidebarlink_id) VALUES (82,82);
INSERT INTO Schedule_SideBarLink (schedule_id,sidebarlink_id) VALUES (83,83);
INSERT INTO Schedule_SideBarLink (schedule_id,sidebarlink_id) VALUES (84,84);
INSERT INTO Schedule_SideBarLink (schedule_id,sidebarlink_id) VALUES (85,85);
INSERT INTO Schedule_SideBarLink (schedule_id,sidebarlink_id) VALUES (86,86);
INSERT INTO Schedule_SideBarLink (schedule_id,sidebarlink_id) VALUES (87,87);
INSERT INTO Schedule_SideBarLink (schedule_id,sidebarlink_id) VALUES (88,88);
INSERT INTO Schedule_SideBarLink (schedule_id,sidebarlink_id) VALUES (89,89);
INSERT INTO Schedule_SideBarLink (schedule_id,sidebarlink_id) VALUES (90,90);
INSERT INTO Schedule_SideBarLink (schedule_id,sidebarlink_id) VALUES (91,91);
INSERT INTO Schedule_SideBarLink (schedule_id,sidebarlink_id) VALUES (92,92);
INSERT INTO Schedule_SideBarLink (schedule_id,sidebarlink_id) VALUES (93,93);
INSERT INTO Schedule_SideBarLink (schedule_id,sidebarlink_id) VALUES (94,94);
INSERT INTO Schedule_SideBarLink (schedule_id,sidebarlink_id) VALUES (95,95);
INSERT INTO Schedule_SideBarLink (schedule_id,sidebarlink_id) VALUES (96,96);
INSERT INTO Schedule_SideBarLink (schedule_id,sidebarlink_id) VALUES (97,97);
INSERT INTO Schedule_SideBarLink (schedule_id,sidebarlink_id) VALUES (98,98);
INSERT INTO Schedule_SideBarLink (schedule_id,sidebarlink_id) VALUES (99,99);
INSERT INTO Schedule_SideBarLink (schedule_id,sidebarlink_id) VALUES (100,100);



INSERT INTO PlaceAndHours (id,place_name,hour_script) VALUES (1,'Sem Incorporated','Chadwick');
INSERT INTO PlaceAndHours (id,place_name,hour_script) VALUES (2,'Lectus Rutrum Urna Industries','Ferris');
INSERT INTO PlaceAndHours (id,place_name,hour_script) VALUES (3,'Nunc Ullamcorper Eu LLC','Kasper');
INSERT INTO PlaceAndHours (id,place_name,hour_script) VALUES (4,'Arcu Vestibulum Ante Consulting','Dieter');
INSERT INTO PlaceAndHours (id,place_name,hour_script) VALUES (5,'Faucibus LLP','Len');
INSERT INTO PlaceAndHours (id,place_name,hour_script) VALUES (6,'Vestibulum Lorem Corporation','Caleb');
INSERT INTO PlaceAndHours (id,place_name,hour_script) VALUES (7,'Magna Nam Ligula Corp.','Hyatt');
INSERT INTO PlaceAndHours (id,place_name,hour_script) VALUES (8,'Enim Diam Vel Limited','Paki');
INSERT INTO PlaceAndHours (id,place_name,hour_script) VALUES (9,'Enim Commodo Corp.','Stephen');
INSERT INTO PlaceAndHours (id,place_name,hour_script) VALUES (10,'Sit Incorporated','Elvis');
INSERT INTO PlaceAndHours (id,place_name,hour_script) VALUES (11,'Cursus A Enim Industries','Addison');
INSERT INTO PlaceAndHours (id,place_name,hour_script) VALUES (12,'Ac Foundation','Elliott');
INSERT INTO PlaceAndHours (id,place_name,hour_script) VALUES (13,'Viverra Limited','Aidan');
INSERT INTO PlaceAndHours (id,place_name,hour_script) VALUES (14,'In Tempus Institute','Ryder');
INSERT INTO PlaceAndHours (id,place_name,hour_script) VALUES (15,'Arcu Sed Eu Limited','Derek');
INSERT INTO PlaceAndHours (id,place_name,hour_script) VALUES (16,'Commodo Limited','Caesar');
INSERT INTO PlaceAndHours (id,place_name,hour_script) VALUES (17,'Mattis Velit Justo Inc.','Nero');
INSERT INTO PlaceAndHours (id,place_name,hour_script) VALUES (18,'Risus Consulting','Brock');
INSERT INTO PlaceAndHours (id,place_name,hour_script) VALUES (19,'Velit Pellentesque Ultricies Inc.','Nash');
INSERT INTO PlaceAndHours (id,place_name,hour_script) VALUES (20,'Elit Dictum Eu LLP','Thor');
INSERT INTO PlaceAndHours (id,place_name,hour_script) VALUES (21,'Praesent Corporation','Silas');
INSERT INTO PlaceAndHours (id,place_name,hour_script) VALUES (22,'Neque LLC','Kelly');
INSERT INTO PlaceAndHours (id,place_name,hour_script) VALUES (23,'Quisque Libero Lacus Industries','Timothy');
INSERT INTO PlaceAndHours (id,place_name,hour_script) VALUES (24,'Cras Interdum Associates','Darius');
INSERT INTO PlaceAndHours (id,place_name,hour_script) VALUES (25,'Etiam Incorporated','Paul');
INSERT INTO PlaceAndHours (id,place_name,hour_script) VALUES (26,'Semper Egestas Urna Corp.','Jonas');
INSERT INTO PlaceAndHours (id,place_name,hour_script) VALUES (27,'Et Tristique Pellentesque Foundation','Zephania');
INSERT INTO PlaceAndHours (id,place_name,hour_script) VALUES (28,'Neque Corp.','Ray');
INSERT INTO PlaceAndHours (id,place_name,hour_script) VALUES (29,'Fusce Feugiat Associates','Mohammad');
INSERT INTO PlaceAndHours (id,place_name,hour_script) VALUES (30,'At Velit Foundation','Mufutau');
INSERT INTO PlaceAndHours (id,place_name,hour_script) VALUES (31,'Bibendum Donec Felis Corp.','Neil');
INSERT INTO PlaceAndHours (id,place_name,hour_script) VALUES (32,'Fermentum Inc.','Shad');
INSERT INTO PlaceAndHours (id,place_name,hour_script) VALUES (33,'Scelerisque Sed Sapien LLC','Lev');
INSERT INTO PlaceAndHours (id,place_name,hour_script) VALUES (34,'Fringilla Consulting','Alfonso');
INSERT INTO PlaceAndHours (id,place_name,hour_script) VALUES (35,'Nunc Limited','Palmer');
INSERT INTO PlaceAndHours (id,place_name,hour_script) VALUES (36,'At Incorporated','Cullen');
INSERT INTO PlaceAndHours (id,place_name,hour_script) VALUES (37,'Tincidunt Tempus Risus Institute','Rudyard');
INSERT INTO PlaceAndHours (id,place_name,hour_script) VALUES (38,'Ac Feugiat Non Company','Nigel');
INSERT INTO PlaceAndHours (id,place_name,hour_script) VALUES (39,'Nec Industries','Nissim');
INSERT INTO PlaceAndHours (id,place_name,hour_script) VALUES (40,'Sem Associates','Raja');
INSERT INTO PlaceAndHours (id,place_name,hour_script) VALUES (41,'Tellus Phasellus Elit Ltd','Tanner');
INSERT INTO PlaceAndHours (id,place_name,hour_script) VALUES (42,'Ullamcorper Nisl Foundation','Cadman');
INSERT INTO PlaceAndHours (id,place_name,hour_script) VALUES (43,'Mollis Non Associates','Levi');
INSERT INTO PlaceAndHours (id,place_name,hour_script) VALUES (44,'Erat Sed PC','Matthew');
INSERT INTO PlaceAndHours (id,place_name,hour_script) VALUES (45,'Pharetra Sed Hendrerit Consulting','Cain');
INSERT INTO PlaceAndHours (id,place_name,hour_script) VALUES (46,'Sem Pellentesque Ut Company','Phillip');
INSERT INTO PlaceAndHours (id,place_name,hour_script) VALUES (47,'Curabitur Foundation','Merrill');
INSERT INTO PlaceAndHours (id,place_name,hour_script) VALUES (48,'Venenatis A Corporation','Nolan');
INSERT INTO PlaceAndHours (id,place_name,hour_script) VALUES (49,'Eros Non Corporation','Xanthus');
INSERT INTO PlaceAndHours (id,place_name,hour_script) VALUES (50,'Lacus Mauris Corp.','Jason');
INSERT INTO PlaceAndHours (id,place_name,hour_script) VALUES (51,'Diam Vel Arcu Ltd','Paul');
INSERT INTO PlaceAndHours (id,place_name,hour_script) VALUES (52,'Id Mollis Nec Ltd','Brett');
INSERT INTO PlaceAndHours (id,place_name,hour_script) VALUES (53,'Erat LLP','Len');
INSERT INTO PlaceAndHours (id,place_name,hour_script) VALUES (54,'Accumsan Neque Corp.','Kaseem');
INSERT INTO PlaceAndHours (id,place_name,hour_script) VALUES (55,'Consectetuer Euismod Est Industries','John');
INSERT INTO PlaceAndHours (id,place_name,hour_script) VALUES (56,'Aliquam Auctor Velit Corp.','Forrest');
INSERT INTO PlaceAndHours (id,place_name,hour_script) VALUES (57,'Auctor Velit Industries','Channing');
INSERT INTO PlaceAndHours (id,place_name,hour_script) VALUES (58,'Ultrices A Auctor Inc.','Victor');
INSERT INTO PlaceAndHours (id,place_name,hour_script) VALUES (59,'Dictum Augue PC','Curran');
INSERT INTO PlaceAndHours (id,place_name,hour_script) VALUES (60,'Cras Incorporated','Cody');
INSERT INTO PlaceAndHours (id,place_name,hour_script) VALUES (61,'Pede Suspendisse Dui Industries','Berk');
INSERT INTO PlaceAndHours (id,place_name,hour_script) VALUES (62,'Donec Felis Associates','Lev');
INSERT INTO PlaceAndHours (id,place_name,hour_script) VALUES (63,'Eget Consulting','Cain');
INSERT INTO PlaceAndHours (id,place_name,hour_script) VALUES (64,'Sollicitudin A Industries','Kareem');
INSERT INTO PlaceAndHours (id,place_name,hour_script) VALUES (65,'Et Magnis Industries','Nicholas');
INSERT INTO PlaceAndHours (id,place_name,hour_script) VALUES (66,'Iaculis Lacus Pede Ltd','Zahir');
INSERT INTO PlaceAndHours (id,place_name,hour_script) VALUES (67,'Magna Cras Convallis Ltd','Chaney');
INSERT INTO PlaceAndHours (id,place_name,hour_script) VALUES (68,'Donec Egestas LLC','Gareth');
INSERT INTO PlaceAndHours (id,place_name,hour_script) VALUES (69,'Nascetur Ridiculus Corp.','Zephania');
INSERT INTO PlaceAndHours (id,place_name,hour_script) VALUES (70,'Nullam Associates','Brenden');
INSERT INTO PlaceAndHours (id,place_name,hour_script) VALUES (71,'Magna Cras PC','Reed');
INSERT INTO PlaceAndHours (id,place_name,hour_script) VALUES (72,'Tincidunt Consulting','Abraham');
INSERT INTO PlaceAndHours (id,place_name,hour_script) VALUES (73,'Curabitur Foundation','Byron');
INSERT INTO PlaceAndHours (id,place_name,hour_script) VALUES (74,'Phasellus Fermentum Convallis Consulting','Garth');
INSERT INTO PlaceAndHours (id,place_name,hour_script) VALUES (75,'Tellus Suspendisse LLC','Ashton');
INSERT INTO PlaceAndHours (id,place_name,hour_script) VALUES (76,'Sodales Elit Consulting','Asher');
INSERT INTO PlaceAndHours (id,place_name,hour_script) VALUES (77,'A PC','Myles');
INSERT INTO PlaceAndHours (id,place_name,hour_script) VALUES (78,'Posuere Inc.','Silas');
INSERT INTO PlaceAndHours (id,place_name,hour_script) VALUES (79,'Libero Integer Consulting','Aladdin');
INSERT INTO PlaceAndHours (id,place_name,hour_script) VALUES (80,'Sed Pede Cum Institute','Colin');
INSERT INTO PlaceAndHours (id,place_name,hour_script) VALUES (81,'Feugiat Associates','Silas');
INSERT INTO PlaceAndHours (id,place_name,hour_script) VALUES (82,'Proin Mi Aliquam Corp.','Robert');
INSERT INTO PlaceAndHours (id,place_name,hour_script) VALUES (83,'Nam Porttitor Associates','Kane');
INSERT INTO PlaceAndHours (id,place_name,hour_script) VALUES (84,'Eget Lacus Ltd','Kermit');
INSERT INTO PlaceAndHours (id,place_name,hour_script) VALUES (85,'Cum Company','Declan');
INSERT INTO PlaceAndHours (id,place_name,hour_script) VALUES (86,'Nunc Company','Wallace');
INSERT INTO PlaceAndHours (id,place_name,hour_script) VALUES (87,'Fusce Dolor Company','Brendan');
INSERT INTO PlaceAndHours (id,place_name,hour_script) VALUES (88,'Proin Vel Nisl LLC','Leroy');
INSERT INTO PlaceAndHours (id,place_name,hour_script) VALUES (89,'Amet Ante Associates','Aaron');
INSERT INTO PlaceAndHours (id,place_name,hour_script) VALUES (90,'Dolor Sit Amet Incorporated','Xander');
INSERT INTO PlaceAndHours (id,place_name,hour_script) VALUES (91,'Tempus Eu Ligula Company','Merritt');
INSERT INTO PlaceAndHours (id,place_name,hour_script) VALUES (92,'Lacus PC','Wallace');
INSERT INTO PlaceAndHours (id,place_name,hour_script) VALUES (93,'Urna Institute','Yuli');
INSERT INTO PlaceAndHours (id,place_name,hour_script) VALUES (94,'Vitae Risus LLC','Hayes');
INSERT INTO PlaceAndHours (id,place_name,hour_script) VALUES (95,'Diam Eu Dolor Associates','Aristotle');
INSERT INTO PlaceAndHours (id,place_name,hour_script) VALUES (96,'Ultrices Corporation','Blaze');
INSERT INTO PlaceAndHours (id,place_name,hour_script) VALUES (97,'Sit Amet Nulla Consulting','Tarik');
INSERT INTO PlaceAndHours (id,place_name,hour_script) VALUES (98,'Ac Ipsum PC','Russell');
INSERT INTO PlaceAndHours (id,place_name,hour_script) VALUES (99,'Donec Luctus Ltd','Caldwell');
INSERT INTO PlaceAndHours (id,place_name,hour_script) VALUES (100,'Amet Faucibus Limited','Harding');




INSERT INTO Schedule_PlaceAndHours (schedule_id,placeAndHours_id) VALUES (1,1);
INSERT INTO Schedule_PlaceAndHours (schedule_id,placeAndHours_id) VALUES (2,2);
INSERT INTO Schedule_PlaceAndHours (schedule_id,placeAndHours_id) VALUES (3,3);
INSERT INTO Schedule_PlaceAndHours (schedule_id,placeAndHours_id) VALUES (4,4);
INSERT INTO Schedule_PlaceAndHours (schedule_id,placeAndHours_id) VALUES (5,5);
INSERT INTO Schedule_PlaceAndHours (schedule_id,placeAndHours_id) VALUES (6,6);
INSERT INTO Schedule_PlaceAndHours (schedule_id,placeAndHours_id) VALUES (7,7);
INSERT INTO Schedule_PlaceAndHours (schedule_id,placeAndHours_id) VALUES (8,8);
INSERT INTO Schedule_PlaceAndHours (schedule_id,placeAndHours_id) VALUES (9,9);
INSERT INTO Schedule_PlaceAndHours (schedule_id,placeAndHours_id) VALUES (10,10);
INSERT INTO Schedule_PlaceAndHours (schedule_id,placeAndHours_id) VALUES (11,11);
INSERT INTO Schedule_PlaceAndHours (schedule_id,placeAndHours_id) VALUES (12,12);
INSERT INTO Schedule_PlaceAndHours (schedule_id,placeAndHours_id) VALUES (13,13);
INSERT INTO Schedule_PlaceAndHours (schedule_id,placeAndHours_id) VALUES (14,14);
INSERT INTO Schedule_PlaceAndHours (schedule_id,placeAndHours_id) VALUES (15,15);
INSERT INTO Schedule_PlaceAndHours (schedule_id,placeAndHours_id) VALUES (16,16);
INSERT INTO Schedule_PlaceAndHours (schedule_id,placeAndHours_id) VALUES (17,17);
INSERT INTO Schedule_PlaceAndHours (schedule_id,placeAndHours_id) VALUES (18,18);
INSERT INTO Schedule_PlaceAndHours (schedule_id,placeAndHours_id) VALUES (19,19);
INSERT INTO Schedule_PlaceAndHours (schedule_id,placeAndHours_id) VALUES (20,20);
INSERT INTO Schedule_PlaceAndHours (schedule_id,placeAndHours_id) VALUES (21,21);
INSERT INTO Schedule_PlaceAndHours (schedule_id,placeAndHours_id) VALUES (22,22);
INSERT INTO Schedule_PlaceAndHours (schedule_id,placeAndHours_id) VALUES (23,23);
INSERT INTO Schedule_PlaceAndHours (schedule_id,placeAndHours_id) VALUES (24,24);
INSERT INTO Schedule_PlaceAndHours (schedule_id,placeAndHours_id) VALUES (25,25);
INSERT INTO Schedule_PlaceAndHours (schedule_id,placeAndHours_id) VALUES (26,26);
INSERT INTO Schedule_PlaceAndHours (schedule_id,placeAndHours_id) VALUES (27,27);
INSERT INTO Schedule_PlaceAndHours (schedule_id,placeAndHours_id) VALUES (28,28);
INSERT INTO Schedule_PlaceAndHours (schedule_id,placeAndHours_id) VALUES (29,29);
INSERT INTO Schedule_PlaceAndHours (schedule_id,placeAndHours_id) VALUES (30,30);
INSERT INTO Schedule_PlaceAndHours (schedule_id,placeAndHours_id) VALUES (31,31);
INSERT INTO Schedule_PlaceAndHours (schedule_id,placeAndHours_id) VALUES (32,32);
INSERT INTO Schedule_PlaceAndHours (schedule_id,placeAndHours_id) VALUES (33,33);
INSERT INTO Schedule_PlaceAndHours (schedule_id,placeAndHours_id) VALUES (34,34);
INSERT INTO Schedule_PlaceAndHours (schedule_id,placeAndHours_id) VALUES (35,35);
INSERT INTO Schedule_PlaceAndHours (schedule_id,placeAndHours_id) VALUES (36,36);
INSERT INTO Schedule_PlaceAndHours (schedule_id,placeAndHours_id) VALUES (37,37);
INSERT INTO Schedule_PlaceAndHours (schedule_id,placeAndHours_id) VALUES (38,38);
INSERT INTO Schedule_PlaceAndHours (schedule_id,placeAndHours_id) VALUES (39,39);
INSERT INTO Schedule_PlaceAndHours (schedule_id,placeAndHours_id) VALUES (40,40);
INSERT INTO Schedule_PlaceAndHours (schedule_id,placeAndHours_id) VALUES (41,41);
INSERT INTO Schedule_PlaceAndHours (schedule_id,placeAndHours_id) VALUES (42,42);
INSERT INTO Schedule_PlaceAndHours (schedule_id,placeAndHours_id) VALUES (43,43);
INSERT INTO Schedule_PlaceAndHours (schedule_id,placeAndHours_id) VALUES (44,44);
INSERT INTO Schedule_PlaceAndHours (schedule_id,placeAndHours_id) VALUES (45,45);
INSERT INTO Schedule_PlaceAndHours (schedule_id,placeAndHours_id) VALUES (46,46);
INSERT INTO Schedule_PlaceAndHours (schedule_id,placeAndHours_id) VALUES (47,47);
INSERT INTO Schedule_PlaceAndHours (schedule_id,placeAndHours_id) VALUES (48,48);
INSERT INTO Schedule_PlaceAndHours (schedule_id,placeAndHours_id) VALUES (49,49);
INSERT INTO Schedule_PlaceAndHours (schedule_id,placeAndHours_id) VALUES (50,50);
INSERT INTO Schedule_PlaceAndHours (schedule_id,placeAndHours_id) VALUES (51,51);
INSERT INTO Schedule_PlaceAndHours (schedule_id,placeAndHours_id) VALUES (52,52);
INSERT INTO Schedule_PlaceAndHours (schedule_id,placeAndHours_id) VALUES (53,53);
INSERT INTO Schedule_PlaceAndHours (schedule_id,placeAndHours_id) VALUES (54,54);
INSERT INTO Schedule_PlaceAndHours (schedule_id,placeAndHours_id) VALUES (55,55);
INSERT INTO Schedule_PlaceAndHours (schedule_id,placeAndHours_id) VALUES (56,56);
INSERT INTO Schedule_PlaceAndHours (schedule_id,placeAndHours_id) VALUES (57,57);
INSERT INTO Schedule_PlaceAndHours (schedule_id,placeAndHours_id) VALUES (58,58);
INSERT INTO Schedule_PlaceAndHours (schedule_id,placeAndHours_id) VALUES (59,59);
INSERT INTO Schedule_PlaceAndHours (schedule_id,placeAndHours_id) VALUES (60,60);
INSERT INTO Schedule_PlaceAndHours (schedule_id,placeAndHours_id) VALUES (61,61);
INSERT INTO Schedule_PlaceAndHours (schedule_id,placeAndHours_id) VALUES (62,62);
INSERT INTO Schedule_PlaceAndHours (schedule_id,placeAndHours_id) VALUES (63,63);
INSERT INTO Schedule_PlaceAndHours (schedule_id,placeAndHours_id) VALUES (64,64);
INSERT INTO Schedule_PlaceAndHours (schedule_id,placeAndHours_id) VALUES (65,65);
INSERT INTO Schedule_PlaceAndHours (schedule_id,placeAndHours_id) VALUES (66,66);
INSERT INTO Schedule_PlaceAndHours (schedule_id,placeAndHours_id) VALUES (67,67);
INSERT INTO Schedule_PlaceAndHours (schedule_id,placeAndHours_id) VALUES (68,68);
INSERT INTO Schedule_PlaceAndHours (schedule_id,placeAndHours_id) VALUES (69,69);
INSERT INTO Schedule_PlaceAndHours (schedule_id,placeAndHours_id) VALUES (70,70);
INSERT INTO Schedule_PlaceAndHours (schedule_id,placeAndHours_id) VALUES (71,71);
INSERT INTO Schedule_PlaceAndHours (schedule_id,placeAndHours_id) VALUES (72,72);
INSERT INTO Schedule_PlaceAndHours (schedule_id,placeAndHours_id) VALUES (73,73);
INSERT INTO Schedule_PlaceAndHours (schedule_id,placeAndHours_id) VALUES (74,74);
INSERT INTO Schedule_PlaceAndHours (schedule_id,placeAndHours_id) VALUES (75,75);
INSERT INTO Schedule_PlaceAndHours (schedule_id,placeAndHours_id) VALUES (76,76);
INSERT INTO Schedule_PlaceAndHours (schedule_id,placeAndHours_id) VALUES (77,77);
INSERT INTO Schedule_PlaceAndHours (schedule_id,placeAndHours_id) VALUES (78,78);
INSERT INTO Schedule_PlaceAndHours (schedule_id,placeAndHours_id) VALUES (79,79);
INSERT INTO Schedule_PlaceAndHours (schedule_id,placeAndHours_id) VALUES (80,80);
INSERT INTO Schedule_PlaceAndHours (schedule_id,placeAndHours_id) VALUES (81,81);
INSERT INTO Schedule_PlaceAndHours (schedule_id,placeAndHours_id) VALUES (82,82);
INSERT INTO Schedule_PlaceAndHours (schedule_id,placeAndHours_id) VALUES (83,83);
INSERT INTO Schedule_PlaceAndHours (schedule_id,placeAndHours_id) VALUES (84,84);
INSERT INTO Schedule_PlaceAndHours (schedule_id,placeAndHours_id) VALUES (85,85);
INSERT INTO Schedule_PlaceAndHours (schedule_id,placeAndHours_id) VALUES (86,86);
INSERT INTO Schedule_PlaceAndHours (schedule_id,placeAndHours_id) VALUES (87,87);
INSERT INTO Schedule_PlaceAndHours (schedule_id,placeAndHours_id) VALUES (88,88);
INSERT INTO Schedule_PlaceAndHours (schedule_id,placeAndHours_id) VALUES (89,89);
INSERT INTO Schedule_PlaceAndHours (schedule_id,placeAndHours_id) VALUES (90,90);
INSERT INTO Schedule_PlaceAndHours (schedule_id,placeAndHours_id) VALUES (91,91);
INSERT INTO Schedule_PlaceAndHours (schedule_id,placeAndHours_id) VALUES (92,92);
INSERT INTO Schedule_PlaceAndHours (schedule_id,placeAndHours_id) VALUES (93,93);
INSERT INTO Schedule_PlaceAndHours (schedule_id,placeAndHours_id) VALUES (94,94);
INSERT INTO Schedule_PlaceAndHours (schedule_id,placeAndHours_id) VALUES (95,95);
INSERT INTO Schedule_PlaceAndHours (schedule_id,placeAndHours_id) VALUES (96,96);
INSERT INTO Schedule_PlaceAndHours (schedule_id,placeAndHours_id) VALUES (97,97);
INSERT INTO Schedule_PlaceAndHours (schedule_id,placeAndHours_id) VALUES (98,98);
INSERT INTO Schedule_PlaceAndHours (schedule_id,placeAndHours_id) VALUES (99,99);
INSERT INTO Schedule_PlaceAndHours (schedule_id,placeAndHours_id) VALUES (100,100);



INSERT INTO ClassLink (id,name,link) VALUES (1,'Blandit Mattis Ltd','Blake');
INSERT INTO ClassLink (id,name,link) VALUES (2,'Erat Eget Tincidunt PC','Samson');
INSERT INTO ClassLink (id,name,link) VALUES (3,'Gravida Praesent Eu Corporation','Arthur');
INSERT INTO ClassLink (id,name,link) VALUES (4,'Euismod Limited','Wyatt');
INSERT INTO ClassLink (id,name,link) VALUES (5,'Consectetuer Rhoncus LLP','Dexter');
INSERT INTO ClassLink (id,name,link) VALUES (6,'Dictum Associates','Calvin');
INSERT INTO ClassLink (id,name,link) VALUES (7,'Suspendisse Corporation','Alden');
INSERT INTO ClassLink (id,name,link) VALUES (8,'Lectus Pede LLC','Ethan');
INSERT INTO ClassLink (id,name,link) VALUES (9,'Mollis Lectus Pede Limited','Quentin');
INSERT INTO ClassLink (id,name,link) VALUES (10,'Vel Est Tempor Institute','Benjamin');
INSERT INTO ClassLink (id,name,link) VALUES (11,'Nisi Foundation','Duncan');
INSERT INTO ClassLink (id,name,link) VALUES (12,'Amet Orci Ut PC','Aidan');
INSERT INTO ClassLink (id,name,link) VALUES (13,'Netus Et Incorporated','Fuller');
INSERT INTO ClassLink (id,name,link) VALUES (14,'Id Limited','Yoshio');
INSERT INTO ClassLink (id,name,link) VALUES (15,'Magna Sed Institute','Hop');
INSERT INTO ClassLink (id,name,link) VALUES (16,'Donec Egestas Aliquam Industries','Matthew');
INSERT INTO ClassLink (id,name,link) VALUES (17,'Quam Pellentesque LLC','Rafael');
INSERT INTO ClassLink (id,name,link) VALUES (18,'Turpis Vitae PC','Austin');
INSERT INTO ClassLink (id,name,link) VALUES (19,'Posuere Enim Nisl Corporation','Lance');
INSERT INTO ClassLink (id,name,link) VALUES (20,'Maecenas Ltd','Emmanuel');
INSERT INTO ClassLink (id,name,link) VALUES (21,'A Feugiat Tellus Consulting','Rudyard');
INSERT INTO ClassLink (id,name,link) VALUES (22,'Netus Et Incorporated','Cain');
INSERT INTO ClassLink (id,name,link) VALUES (23,'Urna Nec Luctus Associates','Colt');
INSERT INTO ClassLink (id,name,link) VALUES (24,'Donec Tincidunt LLC','Herman');
INSERT INTO ClassLink (id,name,link) VALUES (25,'Dolor Incorporated','Bevis');
INSERT INTO ClassLink (id,name,link) VALUES (26,'Ligula Aliquam Erat Foundation','Julian');
INSERT INTO ClassLink (id,name,link) VALUES (27,'Vel Arcu Curabitur LLP','Jarrod');
INSERT INTO ClassLink (id,name,link) VALUES (28,'Varius Corp.','Sebastian');
INSERT INTO ClassLink (id,name,link) VALUES (29,'Malesuada PC','Rajah');
INSERT INTO ClassLink (id,name,link) VALUES (30,'Amet Limited','Nehru');
INSERT INTO ClassLink (id,name,link) VALUES (31,'Elit Curabitur Sed Associates','Abel');
INSERT INTO ClassLink (id,name,link) VALUES (32,'Suspendisse Sed Industries','Reuben');
INSERT INTO ClassLink (id,name,link) VALUES (33,'Tincidunt Vehicula Risus LLP','Grant');
INSERT INTO ClassLink (id,name,link) VALUES (34,'Fringilla LLC','Quentin');
INSERT INTO ClassLink (id,name,link) VALUES (35,'Egestas Consulting','Dylan');
INSERT INTO ClassLink (id,name,link) VALUES (36,'Molestie Tellus Aenean Corporation','Alvin');
INSERT INTO ClassLink (id,name,link) VALUES (37,'Pharetra Quisque Consulting','Driscoll');
INSERT INTO ClassLink (id,name,link) VALUES (38,'Etiam Vestibulum Massa Foundation','Dustin');
INSERT INTO ClassLink (id,name,link) VALUES (39,'Auctor Mauris Corporation','Channing');
INSERT INTO ClassLink (id,name,link) VALUES (40,'In Associates','Nathaniel');
INSERT INTO ClassLink (id,name,link) VALUES (41,'Nulla Tincidunt Incorporated','Gareth');
INSERT INTO ClassLink (id,name,link) VALUES (42,'Donec Nibh Company','Keefe');
INSERT INTO ClassLink (id,name,link) VALUES (43,'Aliquet Lobortis Nisi Company','Kennedy');
INSERT INTO ClassLink (id,name,link) VALUES (44,'Et Pede PC','Nash');
INSERT INTO ClassLink (id,name,link) VALUES (45,'Luctus Curabitur Associates','Driscoll');
INSERT INTO ClassLink (id,name,link) VALUES (46,'Eleifend Nunc Associates','Elmo');
INSERT INTO ClassLink (id,name,link) VALUES (47,'Congue Elit Consulting','Ishmael');
INSERT INTO ClassLink (id,name,link) VALUES (48,'Arcu Industries','Paki');
INSERT INTO ClassLink (id,name,link) VALUES (49,'Donec Est LLC','Ryan');
INSERT INTO ClassLink (id,name,link) VALUES (50,'Duis At PC','Hiram');
INSERT INTO ClassLink (id,name,link) VALUES (51,'Velit Pellentesque Ultricies Associates','Jared');
INSERT INTO ClassLink (id,name,link) VALUES (52,'Libero Dui Corp.','Phillip');
INSERT INTO ClassLink (id,name,link) VALUES (53,'Arcu Imperdiet Associates','Hayden');
INSERT INTO ClassLink (id,name,link) VALUES (54,'Maecenas Libero Est Inc.','Callum');
INSERT INTO ClassLink (id,name,link) VALUES (55,'Duis At Ltd','Bernard');
INSERT INTO ClassLink (id,name,link) VALUES (56,'Est Vitae Institute','Ciaran');
INSERT INTO ClassLink (id,name,link) VALUES (57,'Pulvinar Arcu Foundation','Aristotle');
INSERT INTO ClassLink (id,name,link) VALUES (58,'Ad Associates','Chaim');
INSERT INTO ClassLink (id,name,link) VALUES (59,'Interdum Industries','Travis');
INSERT INTO ClassLink (id,name,link) VALUES (60,'Enim Condimentum Eget Associates','Davis');
INSERT INTO ClassLink (id,name,link) VALUES (61,'Ante Associates','Oliver');
INSERT INTO ClassLink (id,name,link) VALUES (62,'Lacinia Vitae Sodales Foundation','Prescott');
INSERT INTO ClassLink (id,name,link) VALUES (63,'Nec Institute','Isaac');
INSERT INTO ClassLink (id,name,link) VALUES (64,'Mauris Id Sapien Incorporated','Kieran');
INSERT INTO ClassLink (id,name,link) VALUES (65,'Ipsum Suspendisse Foundation','Alfonso');
INSERT INTO ClassLink (id,name,link) VALUES (66,'Nunc Ut Corporation','Lucian');
INSERT INTO ClassLink (id,name,link) VALUES (67,'Arcu Vestibulum Ante PC','Hop');
INSERT INTO ClassLink (id,name,link) VALUES (68,'Sem Nulla Interdum Incorporated','Reece');
INSERT INTO ClassLink (id,name,link) VALUES (69,'Sem Ut Associates','Jakeem');
INSERT INTO ClassLink (id,name,link) VALUES (70,'In Corporation','Jerry');
INSERT INTO ClassLink (id,name,link) VALUES (71,'Turpis LLC','Thaddeus');
INSERT INTO ClassLink (id,name,link) VALUES (72,'Pharetra Sed Hendrerit PC','Ezra');
INSERT INTO ClassLink (id,name,link) VALUES (73,'Vel Sapien Foundation','Hayden');
INSERT INTO ClassLink (id,name,link) VALUES (74,'Ut Nec Urna Limited','Nigel');
INSERT INTO ClassLink (id,name,link) VALUES (75,'Ipsum Cursus Foundation','Scott');
INSERT INTO ClassLink (id,name,link) VALUES (76,'Semper Corporation','Lucian');
INSERT INTO ClassLink (id,name,link) VALUES (77,'Posuere At Inc.','Joel');
INSERT INTO ClassLink (id,name,link) VALUES (78,'Risus LLP','Marvin');
INSERT INTO ClassLink (id,name,link) VALUES (79,'Enim Nisl Industries','Barrett');
INSERT INTO ClassLink (id,name,link) VALUES (80,'Pretium Associates','Brent');
INSERT INTO ClassLink (id,name,link) VALUES (81,'Urna Vivamus Molestie Associates','Duncan');
INSERT INTO ClassLink (id,name,link) VALUES (82,'Ante Ipsum Primis Associates','Charles');
INSERT INTO ClassLink (id,name,link) VALUES (83,'Orci Lobortis Incorporated','Hyatt');
INSERT INTO ClassLink (id,name,link) VALUES (84,'Neque Associates','Edward');
INSERT INTO ClassLink (id,name,link) VALUES (85,'Molestie Sodales Incorporated','Emmanuel');
INSERT INTO ClassLink (id,name,link) VALUES (86,'Euismod Ltd','Brenden');
INSERT INTO ClassLink (id,name,link) VALUES (87,'Nec Ltd','Omar');
INSERT INTO ClassLink (id,name,link) VALUES (88,'Morbi Metus Vivamus Industries','Derek');
INSERT INTO ClassLink (id,name,link) VALUES (89,'Litora Torquent Limited','Demetrius');
INSERT INTO ClassLink (id,name,link) VALUES (90,'Aenean Egestas PC','Graiden');
INSERT INTO ClassLink (id,name,link) VALUES (91,'Consectetuer PC','Kevin');
INSERT INTO ClassLink (id,name,link) VALUES (92,'Et Pede Nunc Limited','Elmo');
INSERT INTO ClassLink (id,name,link) VALUES (93,'Lacinia Vitae Corp.','Damian');
INSERT INTO ClassLink (id,name,link) VALUES (94,'Non Egestas A Industries','Andrew');
INSERT INTO ClassLink (id,name,link) VALUES (95,'Sapien Cras Institute','Zachary');
INSERT INTO ClassLink (id,name,link) VALUES (96,'Facilisis Vitae Orci LLC','Wade');
INSERT INTO ClassLink (id,name,link) VALUES (97,'Ut Nec PC','Graiden');
INSERT INTO ClassLink (id,name,link) VALUES (98,'Amet Foundation','Troy');
INSERT INTO ClassLink (id,name,link) VALUES (99,'Adipiscing Incorporated','Hall');
INSERT INTO ClassLink (id,name,link) VALUES (100,'Neque Institute','Amos');





INSERT INTO Schedule_ClassLInk (schedule_id,classLink_id) VALUES (1,1);
INSERT INTO Schedule_ClassLInk (schedule_id,classLink_id) VALUES (2,2);
INSERT INTO Schedule_ClassLInk (schedule_id,classLink_id) VALUES (3,3);
INSERT INTO Schedule_ClassLInk (schedule_id,classLink_id) VALUES (4,4);
INSERT INTO Schedule_ClassLInk (schedule_id,classLink_id) VALUES (5,5);
INSERT INTO Schedule_ClassLInk (schedule_id,classLink_id) VALUES (6,6);
INSERT INTO Schedule_ClassLInk (schedule_id,classLink_id) VALUES (7,7);
INSERT INTO Schedule_ClassLInk (schedule_id,classLink_id) VALUES (8,8);
INSERT INTO Schedule_ClassLInk (schedule_id,classLink_id) VALUES (9,9);
INSERT INTO Schedule_ClassLInk (schedule_id,classLink_id) VALUES (10,10);
INSERT INTO Schedule_ClassLInk (schedule_id,classLink_id) VALUES (11,11);
INSERT INTO Schedule_ClassLInk (schedule_id,classLink_id) VALUES (12,12);
INSERT INTO Schedule_ClassLInk (schedule_id,classLink_id) VALUES (13,13);
INSERT INTO Schedule_ClassLInk (schedule_id,classLink_id) VALUES (14,14);
INSERT INTO Schedule_ClassLInk (schedule_id,classLink_id) VALUES (15,15);
INSERT INTO Schedule_ClassLInk (schedule_id,classLink_id) VALUES (16,16);
INSERT INTO Schedule_ClassLInk (schedule_id,classLink_id) VALUES (17,17);
INSERT INTO Schedule_ClassLInk (schedule_id,classLink_id) VALUES (18,18);
INSERT INTO Schedule_ClassLInk (schedule_id,classLink_id) VALUES (19,19);
INSERT INTO Schedule_ClassLInk (schedule_id,classLink_id) VALUES (20,20);
INSERT INTO Schedule_ClassLInk (schedule_id,classLink_id) VALUES (21,21);
INSERT INTO Schedule_ClassLInk (schedule_id,classLink_id) VALUES (22,22);
INSERT INTO Schedule_ClassLInk (schedule_id,classLink_id) VALUES (23,23);
INSERT INTO Schedule_ClassLInk (schedule_id,classLink_id) VALUES (24,24);
INSERT INTO Schedule_ClassLInk (schedule_id,classLink_id) VALUES (25,25);
INSERT INTO Schedule_ClassLInk (schedule_id,classLink_id) VALUES (26,26);
INSERT INTO Schedule_ClassLInk (schedule_id,classLink_id) VALUES (27,27);
INSERT INTO Schedule_ClassLInk (schedule_id,classLink_id) VALUES (28,28);
INSERT INTO Schedule_ClassLInk (schedule_id,classLink_id) VALUES (29,29);
INSERT INTO Schedule_ClassLInk (schedule_id,classLink_id) VALUES (30,30);
INSERT INTO Schedule_ClassLInk (schedule_id,classLink_id) VALUES (31,31);
INSERT INTO Schedule_ClassLInk (schedule_id,classLink_id) VALUES (32,32);
INSERT INTO Schedule_ClassLInk (schedule_id,classLink_id) VALUES (33,33);
INSERT INTO Schedule_ClassLInk (schedule_id,classLink_id) VALUES (34,34);
INSERT INTO Schedule_ClassLInk (schedule_id,classLink_id) VALUES (35,35);
INSERT INTO Schedule_ClassLInk (schedule_id,classLink_id) VALUES (36,36);
INSERT INTO Schedule_ClassLInk (schedule_id,classLink_id) VALUES (37,37);
INSERT INTO Schedule_ClassLInk (schedule_id,classLink_id) VALUES (38,38);
INSERT INTO Schedule_ClassLInk (schedule_id,classLink_id) VALUES (39,39);
INSERT INTO Schedule_ClassLInk (schedule_id,classLink_id) VALUES (40,40);
INSERT INTO Schedule_ClassLInk (schedule_id,classLink_id) VALUES (41,41);
INSERT INTO Schedule_ClassLInk (schedule_id,classLink_id) VALUES (42,42);
INSERT INTO Schedule_ClassLInk (schedule_id,classLink_id) VALUES (43,43);
INSERT INTO Schedule_ClassLInk (schedule_id,classLink_id) VALUES (44,44);
INSERT INTO Schedule_ClassLInk (schedule_id,classLink_id) VALUES (45,45);
INSERT INTO Schedule_ClassLInk (schedule_id,classLink_id) VALUES (46,46);
INSERT INTO Schedule_ClassLInk (schedule_id,classLink_id) VALUES (47,47);
INSERT INTO Schedule_ClassLInk (schedule_id,classLink_id) VALUES (48,48);
INSERT INTO Schedule_ClassLInk (schedule_id,classLink_id) VALUES (49,49);
INSERT INTO Schedule_ClassLInk (schedule_id,classLink_id) VALUES (50,50);
INSERT INTO Schedule_ClassLInk (schedule_id,classLink_id) VALUES (51,51);
INSERT INTO Schedule_ClassLInk (schedule_id,classLink_id) VALUES (52,52);
INSERT INTO Schedule_ClassLInk (schedule_id,classLink_id) VALUES (53,53);
INSERT INTO Schedule_ClassLInk (schedule_id,classLink_id) VALUES (54,54);
INSERT INTO Schedule_ClassLInk (schedule_id,classLink_id) VALUES (55,55);
INSERT INTO Schedule_ClassLInk (schedule_id,classLink_id) VALUES (56,56);
INSERT INTO Schedule_ClassLInk (schedule_id,classLink_id) VALUES (57,57);
INSERT INTO Schedule_ClassLInk (schedule_id,classLink_id) VALUES (58,58);
INSERT INTO Schedule_ClassLInk (schedule_id,classLink_id) VALUES (59,59);
INSERT INTO Schedule_ClassLInk (schedule_id,classLink_id) VALUES (60,60);
INSERT INTO Schedule_ClassLInk (schedule_id,classLink_id) VALUES (61,61);
INSERT INTO Schedule_ClassLInk (schedule_id,classLink_id) VALUES (62,62);
INSERT INTO Schedule_ClassLInk (schedule_id,classLink_id) VALUES (63,63);
INSERT INTO Schedule_ClassLInk (schedule_id,classLink_id) VALUES (64,64);
INSERT INTO Schedule_ClassLInk (schedule_id,classLink_id) VALUES (65,65);
INSERT INTO Schedule_ClassLInk (schedule_id,classLink_id) VALUES (66,66);
INSERT INTO Schedule_ClassLInk (schedule_id,classLink_id) VALUES (67,67);
INSERT INTO Schedule_ClassLInk (schedule_id,classLink_id) VALUES (68,68);
INSERT INTO Schedule_ClassLInk (schedule_id,classLink_id) VALUES (69,69);
INSERT INTO Schedule_ClassLInk (schedule_id,classLink_id) VALUES (70,70);
INSERT INTO Schedule_ClassLInk (schedule_id,classLink_id) VALUES (71,71);
INSERT INTO Schedule_ClassLInk (schedule_id,classLink_id) VALUES (72,72);
INSERT INTO Schedule_ClassLInk (schedule_id,classLink_id) VALUES (73,73);
INSERT INTO Schedule_ClassLInk (schedule_id,classLink_id) VALUES (74,74);
INSERT INTO Schedule_ClassLInk (schedule_id,classLink_id) VALUES (75,75);
INSERT INTO Schedule_ClassLInk (schedule_id,classLink_id) VALUES (76,76);
INSERT INTO Schedule_ClassLInk (schedule_id,classLink_id) VALUES (77,77);
INSERT INTO Schedule_ClassLInk (schedule_id,classLink_id) VALUES (78,78);
INSERT INTO Schedule_ClassLInk (schedule_id,classLink_id) VALUES (79,79);
INSERT INTO Schedule_ClassLInk (schedule_id,classLink_id) VALUES (80,80);
INSERT INTO Schedule_ClassLInk (schedule_id,classLink_id) VALUES (81,81);
INSERT INTO Schedule_ClassLInk (schedule_id,classLink_id) VALUES (82,82);
INSERT INTO Schedule_ClassLInk (schedule_id,classLink_id) VALUES (83,83);
INSERT INTO Schedule_ClassLInk (schedule_id,classLink_id) VALUES (84,84);
INSERT INTO Schedule_ClassLInk (schedule_id,classLink_id) VALUES (85,85);
INSERT INTO Schedule_ClassLInk (schedule_id,classLink_id) VALUES (86,86);
INSERT INTO Schedule_ClassLInk (schedule_id,classLink_id) VALUES (87,87);
INSERT INTO Schedule_ClassLInk (schedule_id,classLink_id) VALUES (88,88);
INSERT INTO Schedule_ClassLInk (schedule_id,classLink_id) VALUES (89,89);
INSERT INTO Schedule_ClassLInk (schedule_id,classLink_id) VALUES (90,90);
INSERT INTO Schedule_ClassLInk (schedule_id,classLink_id) VALUES (91,91);
INSERT INTO Schedule_ClassLInk (schedule_id,classLink_id) VALUES (92,92);
INSERT INTO Schedule_ClassLInk (schedule_id,classLink_id) VALUES (93,93);
INSERT INTO Schedule_ClassLInk (schedule_id,classLink_id) VALUES (94,94);
INSERT INTO Schedule_ClassLInk (schedule_id,classLink_id) VALUES (95,95);
INSERT INTO Schedule_ClassLInk (schedule_id,classLink_id) VALUES (96,96);
INSERT INTO Schedule_ClassLInk (schedule_id,classLink_id) VALUES (97,97);
INSERT INTO Schedule_ClassLInk (schedule_id,classLink_id) VALUES (98,98);
INSERT INTO Schedule_ClassLInk (schedule_id,classLink_id) VALUES (99,99);
INSERT INTO Schedule_ClassLInk (schedule_id,classLink_id) VALUES (100,100);